14,MORATALAZ,1404,MEDIA LEGUA,4,14030,30,0,2,2,0,1
14,MORATALAZ,1404,MEDIA LEGUA,4,14030,30,1,4,6,3,0
14,MORATALAZ,1404,MEDIA LEGUA,4,14030,30,2,5,7,1,0
14,MORATALAZ,1404,MEDIA LEGUA,4,14030,30,3,2,5,0,0
14,MORATALAZ,1404,MEDIA LEGUA,4,14030,30,4,4,7,0,1
14,MORATALAZ,1404,MEDIA LEGUA,4,14030,30,5,7,5,0,2
14,MORATALAZ,1404,MEDIA LEGUA,4,14030,30,6,9,5,1,1
14,MORATALAZ,1404,MEDIA LEGUA,4,14030,30,7,4,3,0,0
14,MORATALAZ,1404,MEDIA LEGUA,4,14030,30,8,8,5,1,0
14,MORATALAZ,1404,MEDIA LEGUA,4,14030,30,9,4,5,0,0
14,MORATALAZ,1404,MEDIA LEGUA,4,14030,30,10,3,7,1,0
14,MORATALAZ,1404,MEDIA LEGUA,4,14030,30,11,3,2,0,0
14,MORATALAZ,1404,MEDIA LEGUA,4,14030,30,12,5,7,0,0
14,MORATALAZ,1404,MEDIA LEGUA,4,14030,30,13,3,3,1,0
14,MORATALAZ,1404,MEDIA LEGUA,4,14030,30,14,6,7,0,0
14,MORATALAZ,1404,MEDIA LEGUA,4,14030,30,15,9,6,0,0
14,MORATALAZ,1404,MEDIA LEGUA,4,14030,30,16,5,5,1,0
14,MORATALAZ,1404,MEDIA LEGUA,4,14030,30,17,3,4,0,0
14,MORATALAZ,1404,MEDIA LEGUA,4,14030,30,18,5,9,0,0
14,MORATALAZ,1404,MEDIA LEGUA,4,14030,30,19,8,1,1,1
14,MORATALAZ,1404,MEDIA LEGUA,4,14030,30,20,10,7,0,0
14,MORATALAZ,1404,MEDIA LEGUA,4,14030,30,21,7,7,2,1
14,MORATALAZ,1404,MEDIA LEGUA,4,14030,30,22,11,7,0,1
14,MORATALAZ,1404,MEDIA LEGUA,4,14030,30,23,13,8,0,0
14,MORATALAZ,1404,MEDIA LEGUA,4,14030,30,24,8,5,0,2
14,MORATALAZ,1404,MEDIA LEGUA,4,14030,30,25,3,4,1,1
14,MORATALAZ,1404,MEDIA LEGUA,4,14030,30,26,12,10,0,1
14,MORATALAZ,1404,MEDIA LEGUA,4,14030,30,27,4,9,0,0
14,MORATALAZ,1404,MEDIA LEGUA,4,14030,30,28,9,5,0,0
14,MORATALAZ,1404,MEDIA LEGUA,4,14030,30,29,11,6,1,0
14,MORATALAZ,1404,MEDIA LEGUA,4,14030,30,30,7,3,1,0
14,MORATALAZ,1404,MEDIA LEGUA,4,14030,30,31,4,8,0,0
14,MORATALAZ,1404,MEDIA LEGUA,4,14030,30,32,3,9,1,3
14,MORATALAZ,1404,MEDIA LEGUA,4,14030,30,33,4,5,1,1
14,MORATALAZ,1404,MEDIA LEGUA,4,14030,30,34,11,7,2,1
14,MORATALAZ,1404,MEDIA LEGUA,4,14030,30,35,7,8,0,2
14,MORATALAZ,1404,MEDIA LEGUA,4,14030,30,36,6,6,1,3
14,MORATALAZ,1404,MEDIA LEGUA,4,14030,30,37,8,4,0,3
14,MORATALAZ,1404,MEDIA LEGUA,4,14030,30,38,6,11,1,1
14,MORATALAZ,1404,MEDIA LEGUA,4,14030,30,39,11,12,0,1
14,MORATALAZ,1404,MEDIA LEGUA,4,14030,30,40,8,6,2,2
14,MORATALAZ,1404,MEDIA LEGUA,4,14030,30,41,9,7,0,1
14,MORATALAZ,1404,MEDIA LEGUA,4,14030,30,42,8,14,1,1
14,MORATALAZ,1404,MEDIA LEGUA,4,14030,30,43,13,11,1,0
14,MORATALAZ,1404,MEDIA LEGUA,4,14030,30,44,6,6,0,2
14,MORATALAZ,1404,MEDIA LEGUA,4,14030,30,45,6,8,1,1
14,MORATALAZ,1404,MEDIA LEGUA,4,14030,30,46,9,8,1,0
14,MORATALAZ,1404,MEDIA LEGUA,4,14030,30,47,7,12,0,1
14,MORATALAZ,1404,MEDIA LEGUA,4,14030,30,48,11,6,1,2
14,MORATALAZ,1404,MEDIA LEGUA,4,14030,30,49,11,9,0,2
14,MORATALAZ,1404,MEDIA LEGUA,4,14030,30,50,11,11,0,1
14,MORATALAZ,1404,MEDIA LEGUA,4,14030,30,51,14,10,1,0
14,MORATALAZ,1404,MEDIA LEGUA,4,14030,30,52,13,12,0,3
14,MORATALAZ,1404,MEDIA LEGUA,4,14030,30,53,7,8,1,1
14,MORATALAZ,1404,MEDIA LEGUA,4,14030,30,54,8,13,0,0
14,MORATALAZ,1404,MEDIA LEGUA,4,14030,30,55,8,14,0,0
14,MORATALAZ,1404,MEDIA LEGUA,4,14030,30,56,7,9,2,1
14,MORATALAZ,1404,MEDIA LEGUA,4,14030,30,57,10,15,0,0
14,MORATALAZ,1404,MEDIA LEGUA,4,14030,30,58,11,7,0,1
14,MORATALAZ,1404,MEDIA LEGUA,4,14030,30,59,4,17,0,0
14,MORATALAZ,1404,MEDIA LEGUA,4,14030,30,60,9,16,1,2
14,MORATALAZ,1404,MEDIA LEGUA,4,14030,30,61,14,16,0,0
14,MORATALAZ,1404,MEDIA LEGUA,4,14030,30,62,11,13,0,0
14,MORATALAZ,1404,MEDIA LEGUA,4,14030,30,63,10,22,0,1
14,MORATALAZ,1404,MEDIA LEGUA,4,14030,30,64,10,13,0,1
14,MORATALAZ,1404,MEDIA LEGUA,4,14030,30,65,13,15,0,0
14,MORATALAZ,1404,MEDIA LEGUA,4,14030,30,66,17,17,0,0
14,MORATALAZ,1404,MEDIA LEGUA,4,14030,30,67,12,16,0,0
14,MORATALAZ,1404,MEDIA LEGUA,4,14030,30,68,17,16,0,0
14,MORATALAZ,1404,MEDIA LEGUA,4,14030,30,69,17,21,0,1
14,MORATALAZ,1404,MEDIA LEGUA,4,14030,30,70,14,25,1,0
14,MORATALAZ,1404,MEDIA LEGUA,4,14030,30,71,19,25,0,1
14,MORATALAZ,1404,MEDIA LEGUA,4,14030,30,72,13,22,0,0
14,MORATALAZ,1404,MEDIA LEGUA,4,14030,30,73,17,16,0,0
14,MORATALAZ,1404,MEDIA LEGUA,4,14030,30,74,10,17,0,0
14,MORATALAZ,1404,MEDIA LEGUA,4,14030,30,75,7,8,0,0
14,MORATALAZ,1404,MEDIA LEGUA,4,14030,30,76,6,9,0,1
14,MORATALAZ,1404,MEDIA LEGUA,4,14030,30,77,13,14,0,0
14,MORATALAZ,1404,MEDIA LEGUA,4,14030,30,78,8,13,0,0
14,MORATALAZ,1404,MEDIA LEGUA,4,14030,30,79,4,8,0,0
14,MORATALAZ,1404,MEDIA LEGUA,4,14030,30,80,6,6,0,0
14,MORATALAZ,1404,MEDIA LEGUA,4,14030,30,81,8,9,0,0
14,MORATALAZ,1404,MEDIA LEGUA,4,14030,30,82,5,6,0,0
14,MORATALAZ,1404,MEDIA LEGUA,4,14030,30,83,3,12,0,0
14,MORATALAZ,1404,MEDIA LEGUA,4,14030,30,84,3,7,0,0
14,MORATALAZ,1404,MEDIA LEGUA,4,14030,30,85,5,4,0,0
14,MORATALAZ,1404,MEDIA LEGUA,4,14030,30,86,7,3,0,0
14,MORATALAZ,1404,MEDIA LEGUA,4,14030,30,87,6,6,0,0
14,MORATALAZ,1404,MEDIA LEGUA,4,14030,30,88,4,3,0,0
14,MORATALAZ,1404,MEDIA LEGUA,4,14030,30,89,1,4,0,0
14,MORATALAZ,1404,MEDIA LEGUA,4,14030,30,90,3,7,0,0
14,MORATALAZ,1404,MEDIA LEGUA,4,14030,30,91,1,4,0,0
14,MORATALAZ,1404,MEDIA LEGUA,4,14030,30,92,2,1,0,0
14,MORATALAZ,1404,MEDIA LEGUA,4,14030,30,93,1,1,0,0
14,MORATALAZ,1404,MEDIA LEGUA,4,14030,30,94,3,3,0,0
14,MORATALAZ,1404,MEDIA LEGUA,4,14030,30,95,1,0,0,0
14,MORATALAZ,1404,MEDIA LEGUA,4,14030,30,98,0,1,0,0
14,MORATALAZ,1404,MEDIA LEGUA,4,14031,31,0,1,0,0,0
14,MORATALAZ,1404,MEDIA LEGUA,4,14031,31,1,2,2,0,0
14,MORATALAZ,1404,MEDIA LEGUA,4,14031,31,2,2,2,0,0
14,MORATALAZ,1404,MEDIA LEGUA,4,14031,31,3,4,2,0,0
14,MORATALAZ,1404,MEDIA LEGUA,4,14031,31,4,0,4,0,0
14,MORATALAZ,1404,MEDIA LEGUA,4,14031,31,5,3,4,1,0
14,MORATALAZ,1404,MEDIA LEGUA,4,14031,31,6,2,5,0,0
14,MORATALAZ,1404,MEDIA LEGUA,4,14031,31,7,2,2,0,0
14,MORATALAZ,1404,MEDIA LEGUA,4,14031,31,8,5,1,0,0
14,MORATALAZ,1404,MEDIA LEGUA,4,14031,31,9,3,1,0,0
14,MORATALAZ,1404,MEDIA LEGUA,4,14031,31,10,5,4,1,0
14,MORATALAZ,1404,MEDIA LEGUA,4,14031,31,11,0,1,1,0
14,MORATALAZ,1404,MEDIA LEGUA,4,14031,31,12,1,1,0,0
14,MORATALAZ,1404,MEDIA LEGUA,4,14031,31,13,3,0,0,0
14,MORATALAZ,1404,MEDIA LEGUA,4,14031,31,14,0,1,0,0
14,MORATALAZ,1404,MEDIA LEGUA,4,14031,31,15,2,2,0,0
14,MORATALAZ,1404,MEDIA LEGUA,4,14031,31,16,1,2,0,0
14,MORATALAZ,1404,MEDIA LEGUA,4,14031,31,17,3,2,0,0
14,MORATALAZ,1404,MEDIA LEGUA,4,14031,31,18,4,2,0,1
14,MORATALAZ,1404,MEDIA LEGUA,4,14031,31,19,4,5,0,0
14,MORATALAZ,1404,MEDIA LEGUA,4,14031,31,20,7,5,0,1
14,MORATALAZ,1404,MEDIA LEGUA,4,14031,31,21,3,3,0,0
14,MORATALAZ,1404,MEDIA LEGUA,4,14031,31,22,5,4,1,0
14,MORATALAZ,1404,MEDIA LEGUA,4,14031,31,23,7,3,1,0
14,MORATALAZ,1404,MEDIA LEGUA,4,14031,31,24,4,3,0,0
14,MORATALAZ,1404,MEDIA LEGUA,4,14031,31,25,3,4,0,1
14,MORATALAZ,1404,MEDIA LEGUA,4,14031,31,26,9,2,0,0
14,MORATALAZ,1404,MEDIA LEGUA,4,14031,31,27,2,3,0,1
14,MORATALAZ,1404,MEDIA LEGUA,4,14031,31,28,2,4,4,2
14,MORATALAZ,1404,MEDIA LEGUA,4,14031,31,29,2,1,1,2
14,MORATALAZ,1404,MEDIA LEGUA,4,14031,31,30,1,1,0,0
14,MORATALAZ,1404,MEDIA LEGUA,4,14031,31,31,4,4,0,1
14,MORATALAZ,1404,MEDIA LEGUA,4,14031,31,32,4,3,1,1
14,MORATALAZ,1404,MEDIA LEGUA,4,14031,31,33,2,1,1,1
14,MORATALAZ,1404,MEDIA LEGUA,4,14031,31,34,3,6,0,1
14,MORATALAZ,1404,MEDIA LEGUA,4,14031,31,35,4,2,2,0
14,MORATALAZ,1404,MEDIA LEGUA,4,14031,31,36,5,3,1,1
14,MORATALAZ,1404,MEDIA LEGUA,4,14031,31,37,6,9,0,2
14,MORATALAZ,1404,MEDIA LEGUA,4,14031,31,38,2,6,1,1
14,MORATALAZ,1404,MEDIA LEGUA,4,14031,31,39,2,5,0,0
14,MORATALAZ,1404,MEDIA LEGUA,4,14031,31,40,6,2,2,1
14,MORATALAZ,1404,MEDIA LEGUA,4,14031,31,41,3,2,0,0
14,MORATALAZ,1404,MEDIA LEGUA,4,14031,31,42,4,3,2,2
14,MORATALAZ,1404,MEDIA LEGUA,4,14031,31,43,3,3,0,0
14,MORATALAZ,1404,MEDIA LEGUA,4,14031,31,44,4,2,1,1
14,MORATALAZ,1404,MEDIA LEGUA,4,14031,31,45,8,6,1,1
14,MORATALAZ,1404,MEDIA LEGUA,4,14031,31,46,5,4,1,0
14,MORATALAZ,1404,MEDIA LEGUA,4,14031,31,47,4,11,0,0
14,MORATALAZ,1404,MEDIA LEGUA,4,14031,31,48,6,7,0,1
14,MORATALAZ,1404,MEDIA LEGUA,4,14031,31,49,8,5,1,0
14,MORATALAZ,1404,MEDIA LEGUA,4,14031,31,50,0,7,2,0
14,MORATALAZ,1404,MEDIA LEGUA,4,14031,31,51,0,5,0,1
14,MORATALAZ,1404,MEDIA LEGUA,4,14031,31,52,4,8,0,0
14,MORATALAZ,1404,MEDIA LEGUA,4,14031,31,53,5,3,1,0
14,MORATALAZ,1404,MEDIA LEGUA,4,14031,31,54,5,7,0,1
14,MORATALAZ,1404,MEDIA LEGUA,4,14031,31,55,6,8,1,0
14,MORATALAZ,1404,MEDIA LEGUA,4,14031,31,56,8,12,0,0
14,MORATALAZ,1404,MEDIA LEGUA,4,14031,31,57,6,4,1,0
14,MORATALAZ,1404,MEDIA LEGUA,4,14031,31,58,3,11,0,1
14,MORATALAZ,1404,MEDIA LEGUA,4,14031,31,59,3,4,0,2
14,MORATALAZ,1404,MEDIA LEGUA,4,14031,31,60,3,8,1,1
14,MORATALAZ,1404,MEDIA LEGUA,4,14031,31,61,9,4,0,2
14,MORATALAZ,1404,MEDIA LEGUA,4,14031,31,62,2,5,0,1
14,MORATALAZ,1404,MEDIA LEGUA,4,14031,31,63,5,4,0,0
14,MORATALAZ,1404,MEDIA LEGUA,4,14031,31,64,8,6,0,0
14,MORATALAZ,1404,MEDIA LEGUA,4,14031,31,65,1,2,0,0
14,MORATALAZ,1404,MEDIA LEGUA,4,14031,31,66,2,5,0,0
14,MORATALAZ,1404,MEDIA LEGUA,4,14031,31,67,1,6,0,0
14,MORATALAZ,1404,MEDIA LEGUA,4,14031,31,68,4,4,0,0
14,MORATALAZ,1404,MEDIA LEGUA,4,14031,31,69,2,5,0,1
14,MORATALAZ,1404,MEDIA LEGUA,4,14031,31,70,2,4,0,0
14,MORATALAZ,1404,MEDIA LEGUA,4,14031,31,71,5,9,0,0
14,MORATALAZ,1404,MEDIA LEGUA,4,14031,31,72,3,6,0,0
14,MORATALAZ,1404,MEDIA LEGUA,4,14031,31,73,4,7,0,0
14,MORATALAZ,1404,MEDIA LEGUA,4,14031,31,74,5,12,0,0
14,MORATALAZ,1404,MEDIA LEGUA,4,14031,31,75,7,9,0,0
14,MORATALAZ,1404,MEDIA LEGUA,4,14031,31,76,4,7,0,1
14,MORATALAZ,1404,MEDIA LEGUA,4,14031,31,77,5,13,0,0
14,MORATALAZ,1404,MEDIA LEGUA,4,14031,31,78,4,15,0,0
14,MORATALAZ,1404,MEDIA LEGUA,4,14031,31,79,9,7,0,0
14,MORATALAZ,1404,MEDIA LEGUA,4,14031,31,80,13,12,0,0
14,MORATALAZ,1404,MEDIA LEGUA,4,14031,31,81,6,6,0,0
14,MORATALAZ,1404,MEDIA LEGUA,4,14031,31,82,2,5,0,0
14,MORATALAZ,1404,MEDIA LEGUA,4,14031,31,83,6,8,0,0
14,MORATALAZ,1404,MEDIA LEGUA,4,14031,31,84,6,7,0,0
14,MORATALAZ,1404,MEDIA LEGUA,4,14031,31,85,5,11,0,0
14,MORATALAZ,1404,MEDIA LEGUA,4,14031,31,86,2,4,0,0
14,MORATALAZ,1404,MEDIA LEGUA,4,14031,31,87,8,9,0,0
14,MORATALAZ,1404,MEDIA LEGUA,4,14031,31,88,5,8,0,0
14,MORATALAZ,1404,MEDIA LEGUA,4,14031,31,89,5,5,0,0
14,MORATALAZ,1404,MEDIA LEGUA,4,14031,31,90,5,6,0,0
14,MORATALAZ,1404,MEDIA LEGUA,4,14031,31,91,3,1,0,0
14,MORATALAZ,1404,MEDIA LEGUA,4,14031,31,92,1,1,0,0
14,MORATALAZ,1404,MEDIA LEGUA,4,14031,31,93,1,1,0,0
14,MORATALAZ,1404,MEDIA LEGUA,4,14031,31,94,1,1,0,0
14,MORATALAZ,1404,MEDIA LEGUA,4,14031,31,95,0,1,0,0
14,MORATALAZ,1404,MEDIA LEGUA,4,14031,31,96,0,1,0,0
14,MORATALAZ,1404,MEDIA LEGUA,4,14031,31,98,0,0,0,1
14,MORATALAZ,1404,MEDIA LEGUA,4,14031,31,99,1,0,0,0
14,MORATALAZ,1404,MEDIA LEGUA,4,14031,31,105,0,1,0,0
14,MORATALAZ,1404,MEDIA LEGUA,4,14032,32,0,2,3,0,1
14,MORATALAZ,1404,MEDIA LEGUA,4,14032,32,1,2,1,1,0
14,MORATALAZ,1404,MEDIA LEGUA,4,14032,32,2,1,3,1,0
14,MORATALAZ,1404,MEDIA LEGUA,4,14032,32,3,1,4,0,0
14,MORATALAZ,1404,MEDIA LEGUA,4,14032,32,4,3,5,0,0
14,MORATALAZ,1404,MEDIA LEGUA,4,14032,32,5,3,3,0,0
14,MORATALAZ,1404,MEDIA LEGUA,4,14032,32,6,1,0,0,0
14,MORATALAZ,1404,MEDIA LEGUA,4,14032,32,7,3,1,0,0
14,MORATALAZ,1404,MEDIA LEGUA,4,14032,32,8,1,1,0,0
14,MORATALAZ,1404,MEDIA LEGUA,4,14032,32,9,0,2,0,0
14,MORATALAZ,1404,MEDIA LEGUA,4,14032,32,10,0,6,0,0
14,MORATALAZ,1404,MEDIA LEGUA,4,14032,32,11,3,2,0,0
14,MORATALAZ,1404,MEDIA LEGUA,4,14032,32,12,1,2,0,0
14,MORATALAZ,1404,MEDIA LEGUA,4,14032,32,13,3,3,0,0
14,MORATALAZ,1404,MEDIA LEGUA,4,14032,32,15,5,3,1,0
14,MORATALAZ,1404,MEDIA LEGUA,4,14032,32,16,0,5,0,1
14,MORATALAZ,1404,MEDIA LEGUA,4,14032,32,17,0,2,0,0
14,MORATALAZ,1404,MEDIA LEGUA,4,14032,32,18,4,1,1,0
14,MORATALAZ,1404,MEDIA LEGUA,4,14032,32,19,2,3,0,0
14,MORATALAZ,1404,MEDIA LEGUA,4,14032,32,20,3,3,2,0
14,MORATALAZ,1404,MEDIA LEGUA,4,14032,32,21,2,7,0,0
14,MORATALAZ,1404,MEDIA LEGUA,4,14032,32,22,2,7,0,0
14,MORATALAZ,1404,MEDIA LEGUA,4,14032,32,23,2,7,0,1
14,MORATALAZ,1404,MEDIA LEGUA,4,14032,32,24,3,2,1,1
14,MORATALAZ,1404,MEDIA LEGUA,4,14032,32,25,3,4,1,2
14,MORATALAZ,1404,MEDIA LEGUA,4,14032,32,26,4,3,1,0
14,MORATALAZ,1404,MEDIA LEGUA,4,14032,32,27,5,3,1,1
14,MORATALAZ,1404,MEDIA LEGUA,4,14032,32,28,5,5,0,0
14,MORATALAZ,1404,MEDIA LEGUA,4,14032,32,29,2,1,0,0
14,MORATALAZ,1404,MEDIA LEGUA,4,14032,32,30,0,2,2,0
14,MORATALAZ,1404,MEDIA LEGUA,4,14032,32,31,2,5,1,0
14,MORATALAZ,1404,MEDIA LEGUA,4,14032,32,32,2,3,0,0
14,MORATALAZ,1404,MEDIA LEGUA,4,14032,32,33,3,2,1,0
14,MORATALAZ,1404,MEDIA LEGUA,4,14032,32,34,5,0,1,1
14,MORATALAZ,1404,MEDIA LEGUA,4,14032,32,35,2,8,1,1
14,MORATALAZ,1404,MEDIA LEGUA,4,14032,32,36,6,4,0,1
14,MORATALAZ,1404,MEDIA LEGUA,4,14032,32,37,3,2,0,2
14,MORATALAZ,1404,MEDIA LEGUA,4,14032,32,38,6,1,0,0
14,MORATALAZ,1404,MEDIA LEGUA,4,14032,32,39,2,7,1,2
14,MORATALAZ,1404,MEDIA LEGUA,4,14032,32,40,2,4,0,1
14,MORATALAZ,1404,MEDIA LEGUA,4,14032,32,41,1,3,2,0
14,MORATALAZ,1404,MEDIA LEGUA,4,14032,32,42,3,9,1,0
14,MORATALAZ,1404,MEDIA LEGUA,4,14032,32,43,4,1,0,0
14,MORATALAZ,1404,MEDIA LEGUA,4,14032,32,44,6,3,0,0
14,MORATALAZ,1404,MEDIA LEGUA,4,14032,32,45,4,5,1,0
14,MORATALAZ,1404,MEDIA LEGUA,4,14032,32,46,5,3,1,0
14,MORATALAZ,1404,MEDIA LEGUA,4,14032,32,47,2,4,0,2
14,MORATALAZ,1404,MEDIA LEGUA,4,14032,32,48,5,3,1,0
14,MORATALAZ,1404,MEDIA LEGUA,4,14032,32,49,10,7,1,0
14,MORATALAZ,1404,MEDIA LEGUA,4,14032,32,50,5,14,0,0
14,MORATALAZ,1404,MEDIA LEGUA,4,14032,32,51,7,6,1,1
14,MORATALAZ,1404,MEDIA LEGUA,4,14032,32,52,6,6,0,0
14,MORATALAZ,1404,MEDIA LEGUA,4,14032,32,53,4,10,2,0
14,MORATALAZ,1404,MEDIA LEGUA,4,14032,32,54,11,2,0,0
14,MORATALAZ,1404,MEDIA LEGUA,4,14032,32,55,4,5,0,1
14,MORATALAZ,1404,MEDIA LEGUA,4,14032,32,56,2,7,0,0
14,MORATALAZ,1404,MEDIA LEGUA,4,14032,32,57,5,7,0,0
14,MORATALAZ,1404,MEDIA LEGUA,4,14032,32,58,7,6,0,0
14,MORATALAZ,1404,MEDIA LEGUA,4,14032,32,59,5,5,0,0
14,MORATALAZ,1404,MEDIA LEGUA,4,14032,32,60,4,6,0,1
14,MORATALAZ,1404,MEDIA LEGUA,4,14032,32,61,5,8,1,1
14,MORATALAZ,1404,MEDIA LEGUA,4,14032,32,62,9,11,0,0
14,MORATALAZ,1404,MEDIA LEGUA,4,14032,32,63,6,5,1,0
14,MORATALAZ,1404,MEDIA LEGUA,4,14032,32,64,6,7,0,2
14,MORATALAZ,1404,MEDIA LEGUA,4,14032,32,65,8,6,0,0
14,MORATALAZ,1404,MEDIA LEGUA,4,14032,32,66,7,7,0,0
14,MORATALAZ,1404,MEDIA LEGUA,4,14032,32,67,7,5,0,0
14,MORATALAZ,1404,MEDIA LEGUA,4,14032,32,68,3,7,0,0
14,MORATALAZ,1404,MEDIA LEGUA,4,14032,32,69,2,7,0,0
14,MORATALAZ,1404,MEDIA LEGUA,4,14032,32,70,3,4,0,0
14,MORATALAZ,1404,MEDIA LEGUA,4,14032,32,71,4,10,0,0
14,MORATALAZ,1404,MEDIA LEGUA,4,14032,32,72,2,9,0,0
14,MORATALAZ,1404,MEDIA LEGUA,4,14032,32,73,1,8,0,0
14,MORATALAZ,1404,MEDIA LEGUA,4,14032,32,74,3,9,0,0
14,MORATALAZ,1404,MEDIA LEGUA,4,14032,32,75,7,9,0,0
14,MORATALAZ,1404,MEDIA LEGUA,4,14032,32,76,5,11,0,0
14,MORATALAZ,1404,MEDIA LEGUA,4,14032,32,77,5,8,0,0
14,MORATALAZ,1404,MEDIA LEGUA,4,14032,32,78,6,17,0,0
14,MORATALAZ,1404,MEDIA LEGUA,4,14032,32,79,16,9,0,0
14,MORATALAZ,1404,MEDIA LEGUA,4,14032,32,80,10,11,0,0
14,MORATALAZ,1404,MEDIA LEGUA,4,14032,32,81,6,12,0,0
14,MORATALAZ,1404,MEDIA LEGUA,4,14032,32,82,9,6,0,0
14,MORATALAZ,1404,MEDIA LEGUA,4,14032,32,83,7,12,0,1
14,MORATALAZ,1404,MEDIA LEGUA,4,14032,32,84,9,11,0,0
14,MORATALAZ,1404,MEDIA LEGUA,4,14032,32,85,10,11,0,0
14,MORATALAZ,1404,MEDIA LEGUA,4,14032,32,86,5,8,1,0
14,MORATALAZ,1404,MEDIA LEGUA,4,14032,32,87,5,7,0,0
14,MORATALAZ,1404,MEDIA LEGUA,4,14032,32,88,5,7,0,0
14,MORATALAZ,1404,MEDIA LEGUA,4,14032,32,89,1,8,0,0
14,MORATALAZ,1404,MEDIA LEGUA,4,14032,32,90,5,7,0,0
14,MORATALAZ,1404,MEDIA LEGUA,4,14032,32,91,6,1,0,0
14,MORATALAZ,1404,MEDIA LEGUA,4,14032,32,92,4,4,0,0
14,MORATALAZ,1404,MEDIA LEGUA,4,14032,32,93,1,1,0,0
14,MORATALAZ,1404,MEDIA LEGUA,4,14032,32,94,1,2,0,0
14,MORATALAZ,1404,MEDIA LEGUA,4,14032,32,95,1,2,0,0
14,MORATALAZ,1404,MEDIA LEGUA,4,14032,32,97,0,2,0,0
14,MORATALAZ,1404,MEDIA LEGUA,4,14032,32,98,0,1,0,0
14,MORATALAZ,1404,MEDIA LEGUA,4,14033,33,0,2,2,0,1
14,MORATALAZ,1404,MEDIA LEGUA,4,14033,33,1,3,3,1,1
14,MORATALAZ,1404,MEDIA LEGUA,4,14033,33,2,0,3,0,1
14,MORATALAZ,1404,MEDIA LEGUA,4,14033,33,3,2,2,0,0
14,MORATALAZ,1404,MEDIA LEGUA,4,14033,33,4,4,0,0,0
14,MORATALAZ,1404,MEDIA LEGUA,4,14033,33,5,2,3,1,0
14,MORATALAZ,1404,MEDIA LEGUA,4,14033,33,6,0,0,1,1
14,MORATALAZ,1404,MEDIA LEGUA,4,14033,33,7,2,2,0,2
14,MORATALAZ,1404,MEDIA LEGUA,4,14033,33,8,0,2,0,0
14,MORATALAZ,1404,MEDIA LEGUA,4,14033,33,9,3,2,1,1
14,MORATALAZ,1404,MEDIA LEGUA,4,14033,33,10,0,2,1,1
14,MORATALAZ,1404,MEDIA LEGUA,4,14033,33,11,3,1,4,0
14,MORATALAZ,1404,MEDIA LEGUA,4,14033,33,12,2,3,1,0
14,MORATALAZ,1404,MEDIA LEGUA,4,14033,33,13,5,0,1,0
14,MORATALAZ,1404,MEDIA LEGUA,4,14033,33,14,4,3,1,1
14,MORATALAZ,1404,MEDIA LEGUA,4,14033,33,15,2,0,0,1
14,MORATALAZ,1404,MEDIA LEGUA,4,14033,33,16,2,3,0,1
14,MORATALAZ,1404,MEDIA LEGUA,4,14033,33,17,2,1,0,1
14,MORATALAZ,1404,MEDIA LEGUA,4,14033,33,18,0,2,0,0
14,MORATALAZ,1404,MEDIA LEGUA,4,14033,33,19,3,5,0,1
14,MORATALAZ,1404,MEDIA LEGUA,4,14033,33,20,2,3,1,1
14,MORATALAZ,1404,MEDIA LEGUA,4,14033,33,21,4,3,1,2
14,MORATALAZ,1404,MEDIA LEGUA,4,14033,33,22,3,1,2,1
14,MORATALAZ,1404,MEDIA LEGUA,4,14033,33,23,0,2,2,4
14,MORATALAZ,1404,MEDIA LEGUA,4,14033,33,24,2,4,3,3
14,MORATALAZ,1404,MEDIA LEGUA,4,14033,33,25,2,1,4,4
14,MORATALAZ,1404,MEDIA LEGUA,4,14033,33,26,5,2,2,0
14,MORATALAZ,1404,MEDIA LEGUA,4,14033,33,27,5,5,3,3
14,MORATALAZ,1404,MEDIA LEGUA,4,14033,33,28,5,2,0,2
14,MORATALAZ,1404,MEDIA LEGUA,4,14033,33,29,1,1,3,5
14,MORATALAZ,1404,MEDIA LEGUA,4,14033,33,30,3,5,1,1
14,MORATALAZ,1404,MEDIA LEGUA,4,14033,33,31,4,4,2,3
14,MORATALAZ,1404,MEDIA LEGUA,4,14033,33,32,1,1,1,0
14,MORATALAZ,1404,MEDIA LEGUA,4,14033,33,33,3,2,1,2
14,MORATALAZ,1404,MEDIA LEGUA,4,14033,33,34,4,4,2,0
14,MORATALAZ,1404,MEDIA LEGUA,4,14033,33,35,5,5,0,1
14,MORATALAZ,1404,MEDIA LEGUA,4,14033,33,36,2,5,1,2
14,MORATALAZ,1404,MEDIA LEGUA,4,14033,33,37,2,6,4,4
14,MORATALAZ,1404,MEDIA LEGUA,4,14033,33,38,1,4,1,3
14,MORATALAZ,1404,MEDIA LEGUA,4,14033,33,39,1,4,0,1
14,MORATALAZ,1404,MEDIA LEGUA,4,14033,33,40,2,2,0,1
14,MORATALAZ,1404,MEDIA LEGUA,4,14033,33,41,5,4,0,1
14,MORATALAZ,1404,MEDIA LEGUA,4,14033,33,42,0,2,0,2
14,MORATALAZ,1404,MEDIA LEGUA,4,14033,33,43,4,2,1,0
14,MORATALAZ,1404,MEDIA LEGUA,4,14033,33,44,4,1,1,1
14,MORATALAZ,1404,MEDIA LEGUA,4,14033,33,45,2,9,4,1
14,MORATALAZ,1404,MEDIA LEGUA,4,14033,33,46,6,4,0,2
14,MORATALAZ,1404,MEDIA LEGUA,4,14033,33,47,4,1,0,0
14,MORATALAZ,1404,MEDIA LEGUA,4,14033,33,48,1,3,1,2
14,MORATALAZ,1404,MEDIA LEGUA,4,14033,33,49,4,4,0,0
14,MORATALAZ,1404,MEDIA LEGUA,4,14033,33,50,6,5,2,1
14,MORATALAZ,1404,MEDIA LEGUA,4,14033,33,51,5,8,1,2
14,MORATALAZ,1404,MEDIA LEGUA,4,14033,33,52,4,6,1,1
14,MORATALAZ,1404,MEDIA LEGUA,4,14033,33,53,9,4,0,1
14,MORATALAZ,1404,MEDIA LEGUA,4,14033,33,54,8,11,1,1
14,MORATALAZ,1404,MEDIA LEGUA,4,14033,33,55,5,3,0,0
14,MORATALAZ,1404,MEDIA LEGUA,4,14033,33,56,7,7,0,0
14,MORATALAZ,1404,MEDIA LEGUA,4,14033,33,57,7,7,1,0
14,MORATALAZ,1404,MEDIA LEGUA,4,14033,33,58,5,7,1,1
14,MORATALAZ,1404,MEDIA LEGUA,4,14033,33,59,7,6,0,1
14,MORATALAZ,1404,MEDIA LEGUA,4,14033,33,60,1,6,0,0
14,MORATALAZ,1404,MEDIA LEGUA,4,14033,33,61,1,3,1,1
14,MORATALAZ,1404,MEDIA LEGUA,4,14033,33,62,0,0,0,1
14,MORATALAZ,1404,MEDIA LEGUA,4,14033,33,63,4,6,1,0
14,MORATALAZ,1404,MEDIA LEGUA,4,14033,33,64,5,4,0,1
14,MORATALAZ,1404,MEDIA LEGUA,4,14033,33,65,2,4,0,0
14,MORATALAZ,1404,MEDIA LEGUA,4,14033,33,66,5,8,0,0
14,MORATALAZ,1404,MEDIA LEGUA,4,14033,33,67,4,2,0,0
14,MORATALAZ,1404,MEDIA LEGUA,4,14033,33,68,4,2,0,3
14,MORATALAZ,1404,MEDIA LEGUA,4,14033,33,69,2,3,0,0
14,MORATALAZ,1404,MEDIA LEGUA,4,14033,33,70,3,6,0,0
14,MORATALAZ,1404,MEDIA LEGUA,4,14033,33,71,2,6,0,1
14,MORATALAZ,1404,MEDIA LEGUA,4,14033,33,72,1,4,0,0
14,MORATALAZ,1404,MEDIA LEGUA,4,14033,33,73,3,4,0,0
14,MORATALAZ,1404,MEDIA LEGUA,4,14033,33,74,2,5,0,0
14,MORATALAZ,1404,MEDIA LEGUA,4,14033,33,75,5,3,0,0
14,MORATALAZ,1404,MEDIA LEGUA,4,14033,33,76,3,2,0,0
14,MORATALAZ,1404,MEDIA LEGUA,4,14033,33,77,3,2,0,0
14,MORATALAZ,1404,MEDIA LEGUA,4,14033,33,78,2,4,0,0
14,MORATALAZ,1404,MEDIA LEGUA,4,14033,33,79,2,4,0,0
14,MORATALAZ,1404,MEDIA LEGUA,4,14033,33,80,1,3,0,1
14,MORATALAZ,1404,MEDIA LEGUA,4,14033,33,81,2,5,1,1
14,MORATALAZ,1404,MEDIA LEGUA,4,14033,33,82,3,6,0,0
14,MORATALAZ,1404,MEDIA LEGUA,4,14033,33,83,1,9,0,0
14,MORATALAZ,1404,MEDIA LEGUA,4,14033,33,84,2,7,0,0
14,MORATALAZ,1404,MEDIA LEGUA,4,14033,33,85,1,6,0,0
14,MORATALAZ,1404,MEDIA LEGUA,4,14033,33,86,6,8,0,0
14,MORATALAZ,1404,MEDIA LEGUA,4,14033,33,87,2,8,0,0
14,MORATALAZ,1404,MEDIA LEGUA,4,14033,33,88,1,2,0,0
14,MORATALAZ,1404,MEDIA LEGUA,4,14033,33,89,4,6,0,0
14,MORATALAZ,1404,MEDIA LEGUA,4,14033,33,90,3,4,0,0
14,MORATALAZ,1404,MEDIA LEGUA,4,14033,33,91,1,1,0,0
14,MORATALAZ,1404,MEDIA LEGUA,4,14033,33,92,2,3,0,0
14,MORATALAZ,1404,MEDIA LEGUA,4,14033,33,93,0,4,0,0
14,MORATALAZ,1404,MEDIA LEGUA,4,14033,33,94,1,1,0,0
14,MORATALAZ,1404,MEDIA LEGUA,4,14033,33,95,1,1,0,0
14,MORATALAZ,1404,MEDIA LEGUA,4,14033,33,96,1,0,0,0
14,MORATALAZ,1404,MEDIA LEGUA,4,14033,33,99,0,1,0,0
14,MORATALAZ,1404,MEDIA LEGUA,4,14034,34,0,1,3,0,0
14,MORATALAZ,1404,MEDIA LEGUA,4,14034,34,1,3,1,0,1
14,MORATALAZ,1404,MEDIA LEGUA,4,14034,34,2,1,1,0,0
14,MORATALAZ,1404,MEDIA LEGUA,4,14034,34,3,2,1,0,0
14,MORATALAZ,1404,MEDIA LEGUA,4,14034,34,4,2,2,0,1
14,MORATALAZ,1404,MEDIA LEGUA,4,14034,34,5,4,1,0,0
14,MORATALAZ,1404,MEDIA LEGUA,4,14034,34,6,8,4,0,0
14,MORATALAZ,1404,MEDIA LEGUA,4,14034,34,7,3,6,0,0
14,MORATALAZ,1404,MEDIA LEGUA,4,14034,34,8,3,2,0,0
14,MORATALAZ,1404,MEDIA LEGUA,4,14034,34,9,4,3,0,0
14,MORATALAZ,1404,MEDIA LEGUA,4,14034,34,10,6,2,1,0
14,MORATALAZ,1404,MEDIA LEGUA,4,14034,34,11,4,2,0,0
14,MORATALAZ,1404,MEDIA LEGUA,4,14034,34,12,3,2,0,0
14,MORATALAZ,1404,MEDIA LEGUA,4,14034,34,13,4,4,2,0
14,MORATALAZ,1404,MEDIA LEGUA,4,14034,34,14,3,2,0,0
14,MORATALAZ,1404,MEDIA LEGUA,4,14034,34,15,4,1,0,0
14,MORATALAZ,1404,MEDIA LEGUA,4,14034,34,16,7,2,0,1
14,MORATALAZ,1404,MEDIA LEGUA,4,14034,34,17,2,2,0,0
14,MORATALAZ,1404,MEDIA LEGUA,4,14034,34,18,2,4,1,0
14,MORATALAZ,1404,MEDIA LEGUA,4,14034,34,19,0,4,0,0
14,MORATALAZ,1404,MEDIA LEGUA,4,14034,34,20,3,2,0,0
14,MORATALAZ,1404,MEDIA LEGUA,4,14034,34,21,1,4,0,1
14,MORATALAZ,1404,MEDIA LEGUA,4,14034,34,22,1,3,1,0
14,MORATALAZ,1404,MEDIA LEGUA,4,14034,34,23,2,1,0,0
14,MORATALAZ,1404,MEDIA LEGUA,4,14034,34,24,6,1,0,0
14,MORATALAZ,1404,MEDIA LEGUA,4,14034,34,25,2,2,0,2
14,MORATALAZ,1404,MEDIA LEGUA,4,14034,34,26,2,2,0,0
14,MORATALAZ,1404,MEDIA LEGUA,4,14034,34,27,2,4,1,1
14,MORATALAZ,1404,MEDIA LEGUA,4,14034,34,28,1,2,0,1
14,MORATALAZ,1404,MEDIA LEGUA,4,14034,34,29,7,1,1,0
14,MORATALAZ,1404,MEDIA LEGUA,4,14034,34,30,4,7,1,0
14,MORATALAZ,1404,MEDIA LEGUA,4,14034,34,31,4,2,0,1
14,MORATALAZ,1404,MEDIA LEGUA,4,14034,34,32,4,1,0,0
14,MORATALAZ,1404,MEDIA LEGUA,4,14034,34,33,2,3,1,2
14,MORATALAZ,1404,MEDIA LEGUA,4,14034,34,34,4,3,0,1
14,MORATALAZ,1404,MEDIA LEGUA,4,14034,34,35,3,3,0,0
14,MORATALAZ,1404,MEDIA LEGUA,4,14034,34,36,3,2,2,0
14,MORATALAZ,1404,MEDIA LEGUA,4,14034,34,37,5,4,0,0
14,MORATALAZ,1404,MEDIA LEGUA,4,14034,34,38,3,6,0,0
14,MORATALAZ,1404,MEDIA LEGUA,4,14034,34,39,7,3,0,1
14,MORATALAZ,1404,MEDIA LEGUA,4,14034,34,40,8,4,0,1
14,MORATALAZ,1404,MEDIA LEGUA,4,14034,34,41,2,2,1,1
14,MORATALAZ,1404,MEDIA LEGUA,4,14034,34,42,7,9,0,0
14,MORATALAZ,1404,MEDIA LEGUA,4,14034,34,43,5,6,1,0
14,MORATALAZ,1404,MEDIA LEGUA,4,14034,34,44,8,5,0,1
14,MORATALAZ,1404,MEDIA LEGUA,4,14034,34,45,8,2,0,0
14,MORATALAZ,1404,MEDIA LEGUA,4,14034,34,46,6,5,1,1
14,MORATALAZ,1404,MEDIA LEGUA,4,14034,34,47,8,3,0,0
14,MORATALAZ,1404,MEDIA LEGUA,4,14034,34,48,4,7,0,1
14,MORATALAZ,1404,MEDIA LEGUA,4,14034,34,49,6,6,0,1
14,MORATALAZ,1404,MEDIA LEGUA,4,14034,34,50,8,5,0,0
14,MORATALAZ,1404,MEDIA LEGUA,4,14034,34,51,5,5,0,1
14,MORATALAZ,1404,MEDIA LEGUA,4,14034,34,52,6,8,1,1
14,MORATALAZ,1404,MEDIA LEGUA,4,14034,34,53,3,4,0,0
14,MORATALAZ,1404,MEDIA LEGUA,4,14034,34,54,3,8,1,0
14,MORATALAZ,1404,MEDIA LEGUA,4,14034,34,55,7,5,0,0
14,MORATALAZ,1404,MEDIA LEGUA,4,14034,34,56,5,3,0,0
14,MORATALAZ,1404,MEDIA LEGUA,4,14034,34,57,6,4,0,1
14,MORATALAZ,1404,MEDIA LEGUA,4,14034,34,58,2,6,0,0
14,MORATALAZ,1404,MEDIA LEGUA,4,14034,34,59,5,3,0,0
14,MORATALAZ,1404,MEDIA LEGUA,4,14034,34,60,2,5,0,1
14,MORATALAZ,1404,MEDIA LEGUA,4,14034,34,61,5,9,0,0
14,MORATALAZ,1404,MEDIA LEGUA,4,14034,34,62,9,6,0,0
14,MORATALAZ,1404,MEDIA LEGUA,4,14034,34,63,6,6,0,0
14,MORATALAZ,1404,MEDIA LEGUA,4,14034,34,64,2,5,0,0
14,MORATALAZ,1404,MEDIA LEGUA,4,14034,34,65,5,6,0,0
14,MORATALAZ,1404,MEDIA LEGUA,4,14034,34,66,3,3,0,2
14,MORATALAZ,1404,MEDIA LEGUA,4,14034,34,67,4,5,1,0
14,MORATALAZ,1404,MEDIA LEGUA,4,14034,34,68,2,3,0,0
14,MORATALAZ,1404,MEDIA LEGUA,4,14034,34,69,3,9,0,0
14,MORATALAZ,1404,MEDIA LEGUA,4,14034,34,70,4,10,0,0
14,MORATALAZ,1404,MEDIA LEGUA,4,14034,34,71,7,5,0,0
14,MORATALAZ,1404,MEDIA LEGUA,4,14034,34,72,8,4,0,0
14,MORATALAZ,1404,MEDIA LEGUA,4,14034,34,73,3,7,0,0
14,MORATALAZ,1404,MEDIA LEGUA,4,14034,34,74,3,7,0,0
14,MORATALAZ,1404,MEDIA LEGUA,4,14034,34,75,5,6,0,0
14,MORATALAZ,1404,MEDIA LEGUA,4,14034,34,76,8,9,0,0
14,MORATALAZ,1404,MEDIA LEGUA,4,14034,34,77,6,14,0,0
14,MORATALAZ,1404,MEDIA LEGUA,4,14034,34,78,5,3,0,0
14,MORATALAZ,1404,MEDIA LEGUA,4,14034,34,79,2,11,0,0
14,MORATALAZ,1404,MEDIA LEGUA,4,14034,34,80,4,11,0,0
14,MORATALAZ,1404,MEDIA LEGUA,4,14034,34,81,6,11,0,0
14,MORATALAZ,1404,MEDIA LEGUA,4,14034,34,82,4,8,0,0
14,MORATALAZ,1404,MEDIA LEGUA,4,14034,34,83,2,7,0,0
14,MORATALAZ,1404,MEDIA LEGUA,4,14034,34,84,8,12,0,0
14,MORATALAZ,1404,MEDIA LEGUA,4,14034,34,85,5,5,0,0
14,MORATALAZ,1404,MEDIA LEGUA,4,14034,34,86,1,4,0,0
14,MORATALAZ,1404,MEDIA LEGUA,4,14034,34,87,4,7,0,0
14,MORATALAZ,1404,MEDIA LEGUA,4,14034,34,88,2,10,0,0
14,MORATALAZ,1404,MEDIA LEGUA,4,14034,34,89,2,7,0,0
14,MORATALAZ,1404,MEDIA LEGUA,4,14034,34,90,4,3,0,0
14,MORATALAZ,1404,MEDIA LEGUA,4,14034,34,91,4,2,1,0
14,MORATALAZ,1404,MEDIA LEGUA,4,14034,34,92,1,2,0,0
14,MORATALAZ,1404,MEDIA LEGUA,4,14034,34,93,0,2,0,0
14,MORATALAZ,1404,MEDIA LEGUA,4,14034,34,94,0,4,0,0
14,MORATALAZ,1404,MEDIA LEGUA,4,14034,34,95,1,1,0,0
14,MORATALAZ,1404,MEDIA LEGUA,4,14034,34,96,0,1,0,0
14,MORATALAZ,1404,MEDIA LEGUA,4,14034,34,97,1,0,0,0
14,MORATALAZ,1404,MEDIA LEGUA,4,14034,34,101,0,1,0,0
14,MORATALAZ,1404,MEDIA LEGUA,4,14035,35,0,2,2,1,2
14,MORATALAZ,1404,MEDIA LEGUA,4,14035,35,1,1,4,0,1
14,MORATALAZ,1404,MEDIA LEGUA,4,14035,35,2,3,2,0,0
14,MORATALAZ,1404,MEDIA LEGUA,4,14035,35,3,3,4,1,2
14,MORATALAZ,1404,MEDIA LEGUA,4,14035,35,4,2,5,1,1
14,MORATALAZ,1404,MEDIA LEGUA,4,14035,35,5,1,2,0,0
14,MORATALAZ,1404,MEDIA LEGUA,4,14035,35,6,1,3,0,2
14,MORATALAZ,1404,MEDIA LEGUA,4,14035,35,7,4,4,0,1
14,MORATALAZ,1404,MEDIA LEGUA,4,14035,35,8,2,3,0,0
14,MORATALAZ,1404,MEDIA LEGUA,4,14035,35,9,2,4,1,0
14,MORATALAZ,1404,MEDIA LEGUA,4,14035,35,10,4,2,0,0
14,MORATALAZ,1404,MEDIA LEGUA,4,14035,35,11,2,2,0,0
14,MORATALAZ,1404,MEDIA LEGUA,4,14035,35,12,2,2,1,1
14,MORATALAZ,1404,MEDIA LEGUA,4,14035,35,13,4,2,0,0
14,MORATALAZ,1404,MEDIA LEGUA,4,14035,35,14,6,2,1,1
14,MORATALAZ,1404,MEDIA LEGUA,4,14035,35,15,1,0,0,1
14,MORATALAZ,1404,MEDIA LEGUA,4,14035,35,16,2,3,2,2
14,MORATALAZ,1404,MEDIA LEGUA,4,14035,35,18,3,3,0,4
14,MORATALAZ,1404,MEDIA LEGUA,4,14035,35,19,1,2,0,0
14,MORATALAZ,1404,MEDIA LEGUA,4,14035,35,20,2,3,2,1
14,MORATALAZ,1404,MEDIA LEGUA,4,14035,35,21,1,2,1,2
14,MORATALAZ,1404,MEDIA LEGUA,4,14035,35,22,1,2,0,1
14,MORATALAZ,1404,MEDIA LEGUA,4,14035,35,23,2,4,1,1
14,MORATALAZ,1404,MEDIA LEGUA,4,14035,35,24,1,6,2,2
14,MORATALAZ,1404,MEDIA LEGUA,4,14035,35,25,3,1,2,5
14,MORATALAZ,1404,MEDIA LEGUA,4,14035,35,26,1,2,1,2
14,MORATALAZ,1404,MEDIA LEGUA,4,14035,35,27,2,2,1,4
14,MORATALAZ,1404,MEDIA LEGUA,4,14035,35,28,3,3,6,4
14,MORATALAZ,1404,MEDIA LEGUA,4,14035,35,29,7,6,0,1
14,MORATALAZ,1404,MEDIA LEGUA,4,14035,35,30,3,1,2,3
14,MORATALAZ,1404,MEDIA LEGUA,4,14035,35,31,4,6,1,1
14,MORATALAZ,1404,MEDIA LEGUA,4,14035,35,32,7,8,3,4
14,MORATALAZ,1404,MEDIA LEGUA,4,14035,35,33,2,0,2,0
14,MORATALAZ,1404,MEDIA LEGUA,4,14035,35,34,2,1,1,0
14,MORATALAZ,1404,MEDIA LEGUA,4,14035,35,35,3,2,3,2
14,MORATALAZ,1404,MEDIA LEGUA,4,14035,35,36,3,4,0,2
14,MORATALAZ,1404,MEDIA LEGUA,4,14035,35,37,3,5,1,2
14,MORATALAZ,1404,MEDIA LEGUA,4,14035,35,38,1,4,3,1
14,MORATALAZ,1404,MEDIA LEGUA,4,14035,35,39,6,4,1,2
14,MORATALAZ,1404,MEDIA LEGUA,4,14035,35,40,6,8,0,1
14,MORATALAZ,1404,MEDIA LEGUA,4,14035,35,41,4,6,2,2
14,MORATALAZ,1404,MEDIA LEGUA,4,14035,35,42,4,4,0,0
14,MORATALAZ,1404,MEDIA LEGUA,4,14035,35,43,5,6,3,1
14,MORATALAZ,1404,MEDIA LEGUA,4,14035,35,44,4,2,1,1
14,MORATALAZ,1404,MEDIA LEGUA,4,14035,35,45,2,6,3,1
14,MORATALAZ,1404,MEDIA LEGUA,4,14035,35,46,6,2,2,3
14,MORATALAZ,1404,MEDIA LEGUA,4,14035,35,47,2,4,0,0
14,MORATALAZ,1404,MEDIA LEGUA,4,14035,35,48,4,8,1,2
14,MORATALAZ,1404,MEDIA LEGUA,4,14035,35,49,2,9,0,1
14,MORATALAZ,1404,MEDIA LEGUA,4,14035,35,50,6,6,1,0
14,MORATALAZ,1404,MEDIA LEGUA,4,14035,35,51,6,3,0,3
14,MORATALAZ,1404,MEDIA LEGUA,4,14035,35,52,5,5,4,1
14,MORATALAZ,1404,MEDIA LEGUA,4,14035,35,53,3,4,0,0
14,MORATALAZ,1404,MEDIA LEGUA,4,14035,35,54,5,5,0,1
14,MORATALAZ,1404,MEDIA LEGUA,4,14035,35,55,5,6,1,1
14,MORATALAZ,1404,MEDIA LEGUA,4,14035,35,56,4,4,2,1
14,MORATALAZ,1404,MEDIA LEGUA,4,14035,35,57,3,5,0,0
14,MORATALAZ,1404,MEDIA LEGUA,4,14035,35,58,5,4,0,0
14,MORATALAZ,1404,MEDIA LEGUA,4,14035,35,59,1,3,0,0
14,MORATALAZ,1404,MEDIA LEGUA,4,14035,35,60,3,5,0,2
14,MORATALAZ,1404,MEDIA LEGUA,4,14035,35,61,4,3,0,0
14,MORATALAZ,1404,MEDIA LEGUA,4,14035,35,62,3,1,1,1
14,MORATALAZ,1404,MEDIA LEGUA,4,14035,35,63,6,5,0,0
14,MORATALAZ,1404,MEDIA LEGUA,4,14035,35,64,2,2,0,0
14,MORATALAZ,1404,MEDIA LEGUA,4,14035,35,65,2,7,0,1
14,MORATALAZ,1404,MEDIA LEGUA,4,14035,35,66,3,6,0,1
14,MORATALAZ,1404,MEDIA LEGUA,4,14035,35,67,1,2,1,0
14,MORATALAZ,1404,MEDIA LEGUA,4,14035,35,68,2,2,0,0
14,MORATALAZ,1404,MEDIA LEGUA,4,14035,35,69,3,2,0,1
14,MORATALAZ,1404,MEDIA LEGUA,4,14035,35,70,3,4,0,1
14,MORATALAZ,1404,MEDIA LEGUA,4,14035,35,71,1,2,0,0
14,MORATALAZ,1404,MEDIA LEGUA,4,14035,35,72,2,1,1,0
14,MORATALAZ,1404,MEDIA LEGUA,4,14035,35,73,0,3,0,0
14,MORATALAZ,1404,MEDIA LEGUA,4,14035,35,74,1,2,0,0
14,MORATALAZ,1404,MEDIA LEGUA,4,14035,35,75,3,4,0,0
14,MORATALAZ,1404,MEDIA LEGUA,4,14035,35,76,2,2,0,0
14,MORATALAZ,1404,MEDIA LEGUA,4,14035,35,77,0,2,0,0
14,MORATALAZ,1404,MEDIA LEGUA,4,14035,35,78,2,3,0,0
14,MORATALAZ,1404,MEDIA LEGUA,4,14035,35,79,0,2,0,1
14,MORATALAZ,1404,MEDIA LEGUA,4,14035,35,80,1,5,0,0
14,MORATALAZ,1404,MEDIA LEGUA,4,14035,35,81,1,6,0,0
14,MORATALAZ,1404,MEDIA LEGUA,4,14035,35,82,1,7,0,0
14,MORATALAZ,1404,MEDIA LEGUA,4,14035,35,83,1,5,0,0
14,MORATALAZ,1404,MEDIA LEGUA,4,14035,35,84,7,11,0,0
14,MORATALAZ,1404,MEDIA LEGUA,4,14035,35,85,5,8,0,0
14,MORATALAZ,1404,MEDIA LEGUA,4,14035,35,86,4,8,1,0
14,MORATALAZ,1404,MEDIA LEGUA,4,14035,35,87,4,4,0,0
14,MORATALAZ,1404,MEDIA LEGUA,4,14035,35,88,3,9,0,0
14,MORATALAZ,1404,MEDIA LEGUA,4,14035,35,89,1,4,0,1
14,MORATALAZ,1404,MEDIA LEGUA,4,14035,35,90,2,1,0,0
14,MORATALAZ,1404,MEDIA LEGUA,4,14035,35,91,1,2,0,0
14,MORATALAZ,1404,MEDIA LEGUA,4,14035,35,92,1,3,0,0
14,MORATALAZ,1404,MEDIA LEGUA,4,14035,35,93,1,0,0,0
14,MORATALAZ,1404,MEDIA LEGUA,4,14035,35,95,0,2,0,0
14,MORATALAZ,1404,MEDIA LEGUA,4,14035,35,97,0,1,0,0
14,MORATALAZ,1404,MEDIA LEGUA,4,14036,36,0,3,4,1,2
14,MORATALAZ,1404,MEDIA LEGUA,4,14036,36,1,3,3,0,1
14,MORATALAZ,1404,MEDIA LEGUA,4,14036,36,2,4,5,0,0
14,MORATALAZ,1404,MEDIA LEGUA,4,14036,36,3,2,5,0,1
14,MORATALAZ,1404,MEDIA LEGUA,4,14036,36,4,2,3,0,0
14,MORATALAZ,1404,MEDIA LEGUA,4,14036,36,5,5,5,0,3
14,MORATALAZ,1404,MEDIA LEGUA,4,14036,36,6,3,1,1,1
14,MORATALAZ,1404,MEDIA LEGUA,4,14036,36,7,3,7,1,0
14,MORATALAZ,1404,MEDIA LEGUA,4,14036,36,8,5,4,1,1
14,MORATALAZ,1404,MEDIA LEGUA,4,14036,36,9,3,2,3,0
14,MORATALAZ,1404,MEDIA LEGUA,4,14036,36,10,2,3,1,1
14,MORATALAZ,1404,MEDIA LEGUA,4,14036,36,11,3,6,1,1
14,MORATALAZ,1404,MEDIA LEGUA,4,14036,36,12,4,3,0,0
14,MORATALAZ,1404,MEDIA LEGUA,4,14036,36,13,5,4,1,0
14,MORATALAZ,1404,MEDIA LEGUA,4,14036,36,14,7,4,0,0
14,MORATALAZ,1404,MEDIA LEGUA,4,14036,36,15,2,4,2,0
14,MORATALAZ,1404,MEDIA LEGUA,4,14036,36,16,6,5,0,0
14,MORATALAZ,1404,MEDIA LEGUA,4,14036,36,17,3,7,0,0
14,MORATALAZ,1404,MEDIA LEGUA,4,14036,36,18,4,4,0,1
14,MORATALAZ,1404,MEDIA LEGUA,4,14036,36,19,4,3,0,0
14,MORATALAZ,1404,MEDIA LEGUA,4,14036,36,20,4,4,1,0
14,MORATALAZ,1404,MEDIA LEGUA,4,14036,36,21,5,3,0,2
14,MORATALAZ,1404,MEDIA LEGUA,4,14036,36,22,6,4,0,0
14,MORATALAZ,1404,MEDIA LEGUA,4,14036,36,23,5,4,0,6
14,MORATALAZ,1404,MEDIA LEGUA,4,14036,36,24,8,3,2,2
14,MORATALAZ,1404,MEDIA LEGUA,4,14036,36,25,6,5,1,4
14,MORATALAZ,1404,MEDIA LEGUA,4,14036,36,26,2,8,2,1
14,MORATALAZ,1404,MEDIA LEGUA,4,14036,36,27,6,5,2,2
14,MORATALAZ,1404,MEDIA LEGUA,4,14036,36,28,4,4,4,4
14,MORATALAZ,1404,MEDIA LEGUA,4,14036,36,29,6,1,1,1
14,MORATALAZ,1404,MEDIA LEGUA,4,14036,36,30,4,5,2,1
14,MORATALAZ,1404,MEDIA LEGUA,4,14036,36,31,5,3,3,3
14,MORATALAZ,1404,MEDIA LEGUA,4,14036,36,32,5,10,1,2
14,MORATALAZ,1404,MEDIA LEGUA,4,14036,36,33,5,5,2,4
14,MORATALAZ,1404,MEDIA LEGUA,4,14036,36,34,6,1,3,2
14,MORATALAZ,1404,MEDIA LEGUA,4,14036,36,35,5,7,2,3
14,MORATALAZ,1404,MEDIA LEGUA,4,14036,36,36,5,6,2,2
14,MORATALAZ,1404,MEDIA LEGUA,4,14036,36,37,2,7,3,0
14,MORATALAZ,1404,MEDIA LEGUA,4,14036,36,38,5,4,1,6
14,MORATALAZ,1404,MEDIA LEGUA,4,14036,36,39,8,8,3,2
14,MORATALAZ,1404,MEDIA LEGUA,4,14036,36,40,5,9,2,1
14,MORATALAZ,1404,MEDIA LEGUA,4,14036,36,41,5,4,1,6
14,MORATALAZ,1404,MEDIA LEGUA,4,14036,36,42,8,6,1,5
14,MORATALAZ,1404,MEDIA LEGUA,4,14036,36,43,6,8,2,2
14,MORATALAZ,1404,MEDIA LEGUA,4,14036,36,44,2,11,0,3
14,MORATALAZ,1404,MEDIA LEGUA,4,14036,36,45,2,11,2,1
14,MORATALAZ,1404,MEDIA LEGUA,4,14036,36,46,3,6,0,2
14,MORATALAZ,1404,MEDIA LEGUA,4,14036,36,47,10,9,2,1
14,MORATALAZ,1404,MEDIA LEGUA,4,14036,36,48,11,9,0,1
14,MORATALAZ,1404,MEDIA LEGUA,4,14036,36,49,6,7,2,1
14,MORATALAZ,1404,MEDIA LEGUA,4,14036,36,50,11,9,2,0
14,MORATALAZ,1404,MEDIA LEGUA,4,14036,36,51,3,2,0,2
14,MORATALAZ,1404,MEDIA LEGUA,4,14036,36,52,8,5,1,2
14,MORATALAZ,1404,MEDIA LEGUA,4,14036,36,53,8,12,0,1
14,MORATALAZ,1404,MEDIA LEGUA,4,14036,36,54,7,12,0,3
14,MORATALAZ,1404,MEDIA LEGUA,4,14036,36,55,7,10,1,1
14,MORATALAZ,1404,MEDIA LEGUA,4,14036,36,56,5,9,1,0
14,MORATALAZ,1404,MEDIA LEGUA,4,14036,36,57,6,10,0,2
14,MORATALAZ,1404,MEDIA LEGUA,4,14036,36,58,10,6,1,0
14,MORATALAZ,1404,MEDIA LEGUA,4,14036,36,59,3,2,0,1
14,MORATALAZ,1404,MEDIA LEGUA,4,14036,36,60,8,6,0,1
14,MORATALAZ,1404,MEDIA LEGUA,4,14036,36,61,8,13,1,1
14,MORATALAZ,1404,MEDIA LEGUA,4,14036,36,62,5,8,0,0
14,MORATALAZ,1404,MEDIA LEGUA,4,14036,36,63,3,4,1,2
14,MORATALAZ,1404,MEDIA LEGUA,4,14036,36,64,4,7,1,2
14,MORATALAZ,1404,MEDIA LEGUA,4,14036,36,65,4,5,0,0
14,MORATALAZ,1404,MEDIA LEGUA,4,14036,36,66,4,5,0,0
14,MORATALAZ,1404,MEDIA LEGUA,4,14036,36,67,3,2,0,1
14,MORATALAZ,1404,MEDIA LEGUA,4,14036,36,68,2,4,0,0
14,MORATALAZ,1404,MEDIA LEGUA,4,14036,36,69,3,7,0,0
14,MORATALAZ,1404,MEDIA LEGUA,4,14036,36,70,4,5,0,2
14,MORATALAZ,1404,MEDIA LEGUA,4,14036,36,71,1,2,0,0
14,MORATALAZ,1404,MEDIA LEGUA,4,14036,36,72,1,2,0,0
14,MORATALAZ,1404,MEDIA LEGUA,4,14036,36,73,2,7,0,0
14,MORATALAZ,1404,MEDIA LEGUA,4,14036,36,74,4,2,0,1
14,MORATALAZ,1404,MEDIA LEGUA,4,14036,36,75,2,5,0,1
14,MORATALAZ,1404,MEDIA LEGUA,4,14036,36,76,3,2,0,1
14,MORATALAZ,1404,MEDIA LEGUA,4,14036,36,77,2,4,0,0
14,MORATALAZ,1404,MEDIA LEGUA,4,14036,36,78,1,4,0,0
14,MORATALAZ,1404,MEDIA LEGUA,4,14036,36,79,4,2,0,1
14,MORATALAZ,1404,MEDIA LEGUA,4,14036,36,80,2,8,0,1
14,MORATALAZ,1404,MEDIA LEGUA,4,14036,36,81,0,2,0,0
14,MORATALAZ,1404,MEDIA LEGUA,4,14036,36,82,2,4,0,0
14,MORATALAZ,1404,MEDIA LEGUA,4,14036,36,83,2,5,0,0
14,MORATALAZ,1404,MEDIA LEGUA,4,14036,36,84,4,6,0,0
14,MORATALAZ,1404,MEDIA LEGUA,4,14036,36,85,2,9,0,0
14,MORATALAZ,1404,MEDIA LEGUA,4,14036,36,86,3,10,1,1
14,MORATALAZ,1404,MEDIA LEGUA,4,14036,36,87,2,7,0,0
14,MORATALAZ,1404,MEDIA LEGUA,4,14036,36,88,5,7,0,0
14,MORATALAZ,1404,MEDIA LEGUA,4,14036,36,89,3,6,0,0
14,MORATALAZ,1404,MEDIA LEGUA,4,14036,36,90,1,3,0,0
14,MORATALAZ,1404,MEDIA LEGUA,4,14036,36,91,3,6,0,0
14,MORATALAZ,1404,MEDIA LEGUA,4,14036,36,92,1,2,0,0
14,MORATALAZ,1404,MEDIA LEGUA,4,14036,36,93,0,1,0,0
14,MORATALAZ,1404,MEDIA LEGUA,4,14036,36,94,0,2,0,0
14,MORATALAZ,1404,MEDIA LEGUA,4,14036,36,95,3,4,0,0
14,MORATALAZ,1404,MEDIA LEGUA,4,14036,36,96,0,1,0,0
14,MORATALAZ,1404,MEDIA LEGUA,4,14036,36,97,0,1,0,0
14,MORATALAZ,1404,MEDIA LEGUA,4,14037,37,0,0,2,0,0
14,MORATALAZ,1404,MEDIA LEGUA,4,14037,37,1,4,2,0,2
14,MORATALAZ,1404,MEDIA LEGUA,4,14037,37,2,2,3,0,0
14,MORATALAZ,1404,MEDIA LEGUA,4,14037,37,3,3,1,1,1
14,MORATALAZ,1404,MEDIA LEGUA,4,14037,37,4,4,3,0,0
14,MORATALAZ,1404,MEDIA LEGUA,4,14037,37,5,2,2,1,2
14,MORATALAZ,1404,MEDIA LEGUA,4,14037,37,6,2,3,0,2
14,MORATALAZ,1404,MEDIA LEGUA,4,14037,37,7,5,1,0,0
14,MORATALAZ,1404,MEDIA LEGUA,4,14037,37,8,6,6,0,1
14,MORATALAZ,1404,MEDIA LEGUA,4,14037,37,9,0,1,0,0
14,MORATALAZ,1404,MEDIA LEGUA,4,14037,37,10,0,3,0,0
14,MORATALAZ,1404,MEDIA LEGUA,4,14037,37,11,4,2,0,0
14,MORATALAZ,1404,MEDIA LEGUA,4,14037,37,12,5,2,0,0
14,MORATALAZ,1404,MEDIA LEGUA,4,14037,37,13,4,2,0,0
14,MORATALAZ,1404,MEDIA LEGUA,4,14037,37,14,3,5,0,1
14,MORATALAZ,1404,MEDIA LEGUA,4,14037,37,15,1,4,0,1
14,MORATALAZ,1404,MEDIA LEGUA,4,14037,37,16,4,3,2,0
14,MORATALAZ,1404,MEDIA LEGUA,4,14037,37,17,0,4,1,0
14,MORATALAZ,1404,MEDIA LEGUA,4,14037,37,18,1,1,1,0
14,MORATALAZ,1404,MEDIA LEGUA,4,14037,37,19,3,4,0,0
14,MORATALAZ,1404,MEDIA LEGUA,4,14037,37,20,3,5,0,0
14,MORATALAZ,1404,MEDIA LEGUA,4,14037,37,21,2,6,0,4
14,MORATALAZ,1404,MEDIA LEGUA,4,14037,37,22,1,5,1,1
14,MORATALAZ,1404,MEDIA LEGUA,4,14037,37,23,3,1,1,2
14,MORATALAZ,1404,MEDIA LEGUA,4,14037,37,24,5,2,2,2
14,MORATALAZ,1404,MEDIA LEGUA,4,14037,37,25,5,6,2,2
14,MORATALAZ,1404,MEDIA LEGUA,4,14037,37,26,3,0,0,3
14,MORATALAZ,1404,MEDIA LEGUA,4,14037,37,27,3,5,1,2
14,MORATALAZ,1404,MEDIA LEGUA,4,14037,37,28,2,5,0,0
14,MORATALAZ,1404,MEDIA LEGUA,4,14037,37,29,8,2,1,1
14,MORATALAZ,1404,MEDIA LEGUA,4,14037,37,30,4,4,3,1
14,MORATALAZ,1404,MEDIA LEGUA,4,14037,37,31,4,3,2,6
14,MORATALAZ,1404,MEDIA LEGUA,4,14037,37,32,5,6,1,3
14,MORATALAZ,1404,MEDIA LEGUA,4,14037,37,33,4,2,1,0
14,MORATALAZ,1404,MEDIA LEGUA,4,14037,37,34,4,6,2,2
14,MORATALAZ,1404,MEDIA LEGUA,4,14037,37,35,2,1,1,1
14,MORATALAZ,1404,MEDIA LEGUA,4,14037,37,36,3,0,2,1
14,MORATALAZ,1404,MEDIA LEGUA,4,14037,37,37,5,7,2,1
14,MORATALAZ,1404,MEDIA LEGUA,4,14037,37,38,4,8,2,5
14,MORATALAZ,1404,MEDIA LEGUA,4,14037,37,39,12,9,0,0
14,MORATALAZ,1404,MEDIA LEGUA,4,14037,37,40,6,9,1,2
14,MORATALAZ,1404,MEDIA LEGUA,4,14037,37,41,2,8,1,0
14,MORATALAZ,1404,MEDIA LEGUA,4,14037,37,42,12,6,0,2
14,MORATALAZ,1404,MEDIA LEGUA,4,14037,37,43,7,1,2,3
14,MORATALAZ,1404,MEDIA LEGUA,4,14037,37,44,4,9,1,2
14,MORATALAZ,1404,MEDIA LEGUA,4,14037,37,45,3,7,1,1
14,MORATALAZ,1404,MEDIA LEGUA,4,14037,37,46,5,10,3,1
14,MORATALAZ,1404,MEDIA LEGUA,4,14037,37,47,9,10,2,2
14,MORATALAZ,1404,MEDIA LEGUA,4,14037,37,48,4,9,2,3
14,MORATALAZ,1404,MEDIA LEGUA,4,14037,37,49,6,6,2,0
14,MORATALAZ,1404,MEDIA LEGUA,4,14037,37,50,9,4,2,0
14,MORATALAZ,1404,MEDIA LEGUA,4,14037,37,51,3,6,0,0
14,MORATALAZ,1404,MEDIA LEGUA,4,14037,37,52,4,8,1,1
14,MORATALAZ,1404,MEDIA LEGUA,4,14037,37,53,11,7,0,0
14,MORATALAZ,1404,MEDIA LEGUA,4,14037,37,54,4,1,1,3
14,MORATALAZ,1404,MEDIA LEGUA,4,14037,37,55,6,7,0,0
14,MORATALAZ,1404,MEDIA LEGUA,4,14037,37,56,6,6,0,1
14,MORATALAZ,1404,MEDIA LEGUA,4,14037,37,57,5,12,1,0
14,MORATALAZ,1404,MEDIA LEGUA,4,14037,37,58,4,4,0,1
14,MORATALAZ,1404,MEDIA LEGUA,4,14037,37,59,4,5,1,1
14,MORATALAZ,1404,MEDIA LEGUA,4,14037,37,60,3,8,0,1
14,MORATALAZ,1404,MEDIA LEGUA,4,14037,37,61,7,5,1,0
14,MORATALAZ,1404,MEDIA LEGUA,4,14037,37,62,2,4,0,0
14,MORATALAZ,1404,MEDIA LEGUA,4,14037,37,63,5,6,0,1
14,MORATALAZ,1404,MEDIA LEGUA,4,14037,37,64,1,4,0,0
14,MORATALAZ,1404,MEDIA LEGUA,4,14037,37,65,2,4,1,2
14,MORATALAZ,1404,MEDIA LEGUA,4,14037,37,66,3,5,0,0
14,MORATALAZ,1404,MEDIA LEGUA,4,14037,37,67,2,5,1,0
14,MORATALAZ,1404,MEDIA LEGUA,4,14037,37,68,3,6,0,0
14,MORATALAZ,1404,MEDIA LEGUA,4,14037,37,69,3,1,0,1
14,MORATALAZ,1404,MEDIA LEGUA,4,14037,37,70,4,3,0,0
14,MORATALAZ,1404,MEDIA LEGUA,4,14037,37,71,2,2,1,1
14,MORATALAZ,1404,MEDIA LEGUA,4,14037,37,72,1,4,0,0
14,MORATALAZ,1404,MEDIA LEGUA,4,14037,37,73,2,7,0,0
14,MORATALAZ,1404,MEDIA LEGUA,4,14037,37,74,3,7,0,1
14,MORATALAZ,1404,MEDIA LEGUA,4,14037,37,75,3,9,0,0
14,MORATALAZ,1404,MEDIA LEGUA,4,14037,37,76,5,7,0,0
14,MORATALAZ,1404,MEDIA LEGUA,4,14037,37,77,11,7,0,0
14,MORATALAZ,1404,MEDIA LEGUA,4,14037,37,78,2,7,0,0
14,MORATALAZ,1404,MEDIA LEGUA,4,14037,37,79,4,6,0,0
14,MORATALAZ,1404,MEDIA LEGUA,4,14037,37,80,3,4,0,0
14,MORATALAZ,1404,MEDIA LEGUA,4,14037,37,81,1,2,0,0
14,MORATALAZ,1404,MEDIA LEGUA,4,14037,37,82,2,4,0,1
14,MORATALAZ,1404,MEDIA LEGUA,4,14037,37,83,3,5,0,0
14,MORATALAZ,1404,MEDIA LEGUA,4,14037,37,84,1,7,0,0
14,MORATALAZ,1404,MEDIA LEGUA,4,14037,37,85,2,3,0,0
14,MORATALAZ,1404,MEDIA LEGUA,4,14037,37,86,3,12,0,0
14,MORATALAZ,1404,MEDIA LEGUA,4,14037,37,87,1,3,0,0
14,MORATALAZ,1404,MEDIA LEGUA,4,14037,37,88,4,7,0,0
14,MORATALAZ,1404,MEDIA LEGUA,4,14037,37,89,2,4,0,0
14,MORATALAZ,1404,MEDIA LEGUA,4,14037,37,90,3,3,0,0
14,MORATALAZ,1404,MEDIA LEGUA,4,14037,37,91,3,8,0,0
14,MORATALAZ,1404,MEDIA LEGUA,4,14037,37,92,3,0,0,0
14,MORATALAZ,1404,MEDIA LEGUA,4,14037,37,94,3,1,0,0
14,MORATALAZ,1404,MEDIA LEGUA,4,14037,37,96,0,2,0,0
14,MORATALAZ,1404,MEDIA LEGUA,4,14037,37,97,1,1,0,0
14,MORATALAZ,1404,MEDIA LEGUA,4,14037,37,102,0,1,0,0
14,MORATALAZ,1404,MEDIA LEGUA,4,14038,38,0,2,4,0,0
14,MORATALAZ,1404,MEDIA LEGUA,4,14038,38,1,0,4,0,0
14,MORATALAZ,1404,MEDIA LEGUA,4,14038,38,2,2,2,2,0
14,MORATALAZ,1404,MEDIA LEGUA,4,14038,38,3,3,4,0,1
14,MORATALAZ,1404,MEDIA LEGUA,4,14038,38,4,4,7,0,0
14,MORATALAZ,1404,MEDIA LEGUA,4,14038,38,5,1,2,0,2
14,MORATALAZ,1404,MEDIA LEGUA,4,14038,38,6,3,1,0,1
14,MORATALAZ,1404,MEDIA LEGUA,4,14038,38,7,4,3,1,1
14,MORATALAZ,1404,MEDIA LEGUA,4,14038,38,8,1,2,2,0
14,MORATALAZ,1404,MEDIA LEGUA,4,14038,38,9,4,2,0,1
14,MORATALAZ,1404,MEDIA LEGUA,4,14038,38,11,1,5,1,0
14,MORATALAZ,1404,MEDIA LEGUA,4,14038,38,12,1,1,1,0
14,MORATALAZ,1404,MEDIA LEGUA,4,14038,38,13,5,1,1,0
14,MORATALAZ,1404,MEDIA LEGUA,4,14038,38,14,1,0,0,1
14,MORATALAZ,1404,MEDIA LEGUA,4,14038,38,15,2,3,2,0
14,MORATALAZ,1404,MEDIA LEGUA,4,14038,38,16,1,2,0,0
14,MORATALAZ,1404,MEDIA LEGUA,4,14038,38,17,2,1,0,0
14,MORATALAZ,1404,MEDIA LEGUA,4,14038,38,18,5,2,1,1
14,MORATALAZ,1404,MEDIA LEGUA,4,14038,38,19,1,2,3,0
14,MORATALAZ,1404,MEDIA LEGUA,4,14038,38,20,6,1,1,1
14,MORATALAZ,1404,MEDIA LEGUA,4,14038,38,21,2,2,2,2
14,MORATALAZ,1404,MEDIA LEGUA,4,14038,38,22,2,0,1,2
14,MORATALAZ,1404,MEDIA LEGUA,4,14038,38,23,1,3,1,4
14,MORATALAZ,1404,MEDIA LEGUA,4,14038,38,24,3,3,1,1
14,MORATALAZ,1404,MEDIA LEGUA,4,14038,38,25,3,3,2,6
14,MORATALAZ,1404,MEDIA LEGUA,4,14038,38,26,2,4,2,2
14,MORATALAZ,1404,MEDIA LEGUA,4,14038,38,27,3,8,2,3
14,MORATALAZ,1404,MEDIA LEGUA,4,14038,38,28,4,2,2,2
14,MORATALAZ,1404,MEDIA LEGUA,4,14038,38,29,6,1,0,1
14,MORATALAZ,1404,MEDIA LEGUA,4,14038,38,30,6,5,0,2
14,MORATALAZ,1404,MEDIA LEGUA,4,14038,38,31,6,3,1,1
14,MORATALAZ,1404,MEDIA LEGUA,4,14038,38,32,5,5,1,3
14,MORATALAZ,1404,MEDIA LEGUA,4,14038,38,33,2,5,2,3
14,MORATALAZ,1404,MEDIA LEGUA,4,14038,38,34,4,4,5,4
14,MORATALAZ,1404,MEDIA LEGUA,4,14038,38,35,2,7,2,2
14,MORATALAZ,1404,MEDIA LEGUA,4,14038,38,36,4,4,0,3
14,MORATALAZ,1404,MEDIA LEGUA,4,14038,38,37,1,6,2,3
14,MORATALAZ,1404,MEDIA LEGUA,4,14038,38,38,5,3,3,1
14,MORATALAZ,1404,MEDIA LEGUA,4,14038,38,39,3,8,5,3
14,MORATALAZ,1404,MEDIA LEGUA,4,14038,38,40,7,4,3,4
14,MORATALAZ,1404,MEDIA LEGUA,4,14038,38,41,6,3,3,3
14,MORATALAZ,1404,MEDIA LEGUA,4,14038,38,42,5,7,0,0
14,MORATALAZ,1404,MEDIA LEGUA,4,14038,38,43,5,3,1,0
14,MORATALAZ,1404,MEDIA LEGUA,4,14038,38,44,7,5,3,0
14,MORATALAZ,1404,MEDIA LEGUA,4,14038,38,45,6,4,0,0
14,MORATALAZ,1404,MEDIA LEGUA,4,14038,38,46,5,3,2,1
14,MORATALAZ,1404,MEDIA LEGUA,4,14038,38,47,1,4,1,0
14,MORATALAZ,1404,MEDIA LEGUA,4,14038,38,48,5,1,1,0
14,MORATALAZ,1404,MEDIA LEGUA,4,14038,38,49,3,4,0,3
14,MORATALAZ,1404,MEDIA LEGUA,4,14038,38,50,3,7,0,1
14,MORATALAZ,1404,MEDIA LEGUA,4,14038,38,51,4,8,0,3
14,MORATALAZ,1404,MEDIA LEGUA,4,14038,38,52,4,7,1,1
14,MORATALAZ,1404,MEDIA LEGUA,4,14038,38,53,2,4,1,1
14,MORATALAZ,1404,MEDIA LEGUA,4,14038,38,54,5,6,0,1
14,MORATALAZ,1404,MEDIA LEGUA,4,14038,38,55,4,4,0,0
14,MORATALAZ,1404,MEDIA LEGUA,4,14038,38,56,6,3,0,2
14,MORATALAZ,1404,MEDIA LEGUA,4,14038,38,57,3,9,3,0
14,MORATALAZ,1404,MEDIA LEGUA,4,14038,38,58,2,6,0,1
14,MORATALAZ,1404,MEDIA LEGUA,4,14038,38,59,2,6,0,0
14,MORATALAZ,1404,MEDIA LEGUA,4,14038,38,60,10,7,1,2
14,MORATALAZ,1404,MEDIA LEGUA,4,14038,38,61,5,8,0,1
14,MORATALAZ,1404,MEDIA LEGUA,4,14038,38,62,2,6,1,2
14,MORATALAZ,1404,MEDIA LEGUA,4,14038,38,63,4,5,1,0
14,MORATALAZ,1404,MEDIA LEGUA,4,14038,38,64,4,2,0,1
14,MORATALAZ,1404,MEDIA LEGUA,4,14038,38,65,3,3,0,0
14,MORATALAZ,1404,MEDIA LEGUA,4,14038,38,66,2,4,0,1
14,MORATALAZ,1404,MEDIA LEGUA,4,14038,38,67,0,4,0,0
14,MORATALAZ,1404,MEDIA LEGUA,4,14038,38,68,2,5,1,0
14,MORATALAZ,1404,MEDIA LEGUA,4,14038,38,69,3,5,0,0
14,MORATALAZ,1404,MEDIA LEGUA,4,14038,38,70,0,5,0,0
14,MORATALAZ,1404,MEDIA LEGUA,4,14038,38,71,3,3,0,0
14,MORATALAZ,1404,MEDIA LEGUA,4,14038,38,72,2,6,0,0
14,MORATALAZ,1404,MEDIA LEGUA,4,14038,38,73,2,2,0,0
14,MORATALAZ,1404,MEDIA LEGUA,4,14038,38,74,0,1,0,0
14,MORATALAZ,1404,MEDIA LEGUA,4,14038,38,75,1,4,0,0
14,MORATALAZ,1404,MEDIA LEGUA,4,14038,38,76,9,5,0,0
14,MORATALAZ,1404,MEDIA LEGUA,4,14038,38,77,3,4,0,1
14,MORATALAZ,1404,MEDIA LEGUA,4,14038,38,78,3,3,0,0
14,MORATALAZ,1404,MEDIA LEGUA,4,14038,38,79,1,9,0,0
14,MORATALAZ,1404,MEDIA LEGUA,4,14038,38,80,2,3,0,0
14,MORATALAZ,1404,MEDIA LEGUA,4,14038,38,81,2,1,0,0
14,MORATALAZ,1404,MEDIA LEGUA,4,14038,38,82,0,1,0,0
14,MORATALAZ,1404,MEDIA LEGUA,4,14038,38,83,2,0,0,0
14,MORATALAZ,1404,MEDIA LEGUA,4,14038,38,84,1,2,0,0
14,MORATALAZ,1404,MEDIA LEGUA,4,14038,38,85,1,5,0,0
14,MORATALAZ,1404,MEDIA LEGUA,4,14038,38,86,3,8,0,0
14,MORATALAZ,1404,MEDIA LEGUA,4,14038,38,87,1,1,0,0
14,MORATALAZ,1404,MEDIA LEGUA,4,14038,38,88,1,3,0,0
14,MORATALAZ,1404,MEDIA LEGUA,4,14038,38,89,2,4,0,0
14,MORATALAZ,1404,MEDIA LEGUA,4,14038,38,90,0,4,0,0
14,MORATALAZ,1404,MEDIA LEGUA,4,14038,38,91,2,8,0,0
14,MORATALAZ,1404,MEDIA LEGUA,4,14038,38,92,0,3,0,0
14,MORATALAZ,1404,MEDIA LEGUA,4,14038,38,93,1,0,0,0
14,MORATALAZ,1404,MEDIA LEGUA,4,14038,38,94,1,1,0,0
14,MORATALAZ,1404,MEDIA LEGUA,4,14038,38,95,0,2,0,0
14,MORATALAZ,1404,MEDIA LEGUA,4,14038,38,97,0,1,0,0
14,MORATALAZ,1404,MEDIA LEGUA,4,14038,38,98,0,1,0,0
14,MORATALAZ,1404,MEDIA LEGUA,4,14039,39,0,1,3,0,1
14,MORATALAZ,1404,MEDIA LEGUA,4,14039,39,1,2,4,1,0
14,MORATALAZ,1404,MEDIA LEGUA,4,14039,39,2,1,4,1,1
14,MORATALAZ,1404,MEDIA LEGUA,4,14039,39,3,2,4,0,1
14,MORATALAZ,1404,MEDIA LEGUA,4,14039,39,4,3,2,0,1
14,MORATALAZ,1404,MEDIA LEGUA,4,14039,39,5,3,2,0,1
14,MORATALAZ,1404,MEDIA LEGUA,4,14039,39,6,5,0,0,0
14,MORATALAZ,1404,MEDIA LEGUA,4,14039,39,7,0,1,0,1
14,MORATALAZ,1404,MEDIA LEGUA,4,14039,39,8,3,3,1,1
14,MORATALAZ,1404,MEDIA LEGUA,4,14039,39,9,2,1,1,1
14,MORATALAZ,1404,MEDIA LEGUA,4,14039,39,10,4,5,0,1
14,MORATALAZ,1404,MEDIA LEGUA,4,14039,39,11,3,3,0,0
14,MORATALAZ,1404,MEDIA LEGUA,4,14039,39,12,4,4,1,0
14,MORATALAZ,1404,MEDIA LEGUA,4,14039,39,13,5,0,0,1
14,MORATALAZ,1404,MEDIA LEGUA,4,14039,39,14,3,3,0,0
14,MORATALAZ,1404,MEDIA LEGUA,4,14039,39,15,2,4,0,1
14,MORATALAZ,1404,MEDIA LEGUA,4,14039,39,16,2,5,0,2
14,MORATALAZ,1404,MEDIA LEGUA,4,14039,39,17,2,1,0,0
14,MORATALAZ,1404,MEDIA LEGUA,4,14039,39,18,3,2,0,0
14,MORATALAZ,1404,MEDIA LEGUA,4,14039,39,19,1,3,1,1
14,MORATALAZ,1404,MEDIA LEGUA,4,14039,39,20,5,3,1,1
14,MORATALAZ,1404,MEDIA LEGUA,4,14039,39,21,4,4,0,0
14,MORATALAZ,1404,MEDIA LEGUA,4,14039,39,22,6,6,3,3
14,MORATALAZ,1404,MEDIA LEGUA,4,14039,39,23,7,3,2,0
14,MORATALAZ,1404,MEDIA LEGUA,4,14039,39,24,12,8,3,4
14,MORATALAZ,1404,MEDIA LEGUA,4,14039,39,25,2,3,1,1
14,MORATALAZ,1404,MEDIA LEGUA,4,14039,39,26,5,4,3,2
14,MORATALAZ,1404,MEDIA LEGUA,4,14039,39,27,8,8,3,3
14,MORATALAZ,1404,MEDIA LEGUA,4,14039,39,28,11,11,3,4
14,MORATALAZ,1404,MEDIA LEGUA,4,14039,39,29,7,6,2,5
14,MORATALAZ,1404,MEDIA LEGUA,4,14039,39,30,5,6,1,3
14,MORATALAZ,1404,MEDIA LEGUA,4,14039,39,31,4,1,0,5
14,MORATALAZ,1404,MEDIA LEGUA,4,14039,39,32,4,7,7,3
14,MORATALAZ,1404,MEDIA LEGUA,4,14039,39,33,6,5,1,2
14,MORATALAZ,1404,MEDIA LEGUA,4,14039,39,34,5,4,2,0
14,MORATALAZ,1404,MEDIA LEGUA,4,14039,39,35,1,8,0,3
14,MORATALAZ,1404,MEDIA LEGUA,4,14039,39,36,3,7,0,5
14,MORATALAZ,1404,MEDIA LEGUA,4,14039,39,37,2,4,6,3
14,MORATALAZ,1404,MEDIA LEGUA,4,14039,39,38,6,7,2,2
14,MORATALAZ,1404,MEDIA LEGUA,4,14039,39,39,2,4,2,0
14,MORATALAZ,1404,MEDIA LEGUA,4,14039,39,40,5,3,3,2
14,MORATALAZ,1404,MEDIA LEGUA,4,14039,39,41,6,7,1,3
14,MORATALAZ,1404,MEDIA LEGUA,4,14039,39,42,8,6,1,2
14,MORATALAZ,1404,MEDIA LEGUA,4,14039,39,43,8,5,1,0
14,MORATALAZ,1404,MEDIA LEGUA,4,14039,39,44,9,7,2,3
14,MORATALAZ,1404,MEDIA LEGUA,4,14039,39,45,6,8,1,0
14,MORATALAZ,1404,MEDIA LEGUA,4,14039,39,46,6,6,0,1
14,MORATALAZ,1404,MEDIA LEGUA,4,14039,39,47,6,8,2,3
14,MORATALAZ,1404,MEDIA LEGUA,4,14039,39,48,4,4,1,2
14,MORATALAZ,1404,MEDIA LEGUA,4,14039,39,49,6,6,1,2
14,MORATALAZ,1404,MEDIA LEGUA,4,14039,39,50,4,11,0,2
14,MORATALAZ,1404,MEDIA LEGUA,4,14039,39,51,5,8,2,0
14,MORATALAZ,1404,MEDIA LEGUA,4,14039,39,52,5,4,0,0
14,MORATALAZ,1404,MEDIA LEGUA,4,14039,39,53,6,6,0,0
14,MORATALAZ,1404,MEDIA LEGUA,4,14039,39,54,9,15,0,0
14,MORATALAZ,1404,MEDIA LEGUA,4,14039,39,55,8,10,1,0
14,MORATALAZ,1404,MEDIA LEGUA,4,14039,39,56,10,15,0,1
14,MORATALAZ,1404,MEDIA LEGUA,4,14039,39,57,15,14,0,2
14,MORATALAZ,1404,MEDIA LEGUA,4,14039,39,58,8,11,0,1
14,MORATALAZ,1404,MEDIA LEGUA,4,14039,39,59,11,12,1,2
14,MORATALAZ,1404,MEDIA LEGUA,4,14039,39,60,11,7,0,2
14,MORATALAZ,1404,MEDIA LEGUA,4,14039,39,61,7,9,2,0
14,MORATALAZ,1404,MEDIA LEGUA,4,14039,39,62,9,7,0,0
14,MORATALAZ,1404,MEDIA LEGUA,4,14039,39,63,5,11,0,0
14,MORATALAZ,1404,MEDIA LEGUA,4,14039,39,64,6,9,0,0
14,MORATALAZ,1404,MEDIA LEGUA,4,14039,39,65,4,4,0,0
14,MORATALAZ,1404,MEDIA LEGUA,4,14039,39,66,4,5,0,0
14,MORATALAZ,1404,MEDIA LEGUA,4,14039,39,67,0,2,0,1
14,MORATALAZ,1404,MEDIA LEGUA,4,14039,39,68,8,10,0,0
14,MORATALAZ,1404,MEDIA LEGUA,4,14039,39,69,5,11,0,1
14,MORATALAZ,1404,MEDIA LEGUA,4,14039,39,70,1,2,0,0
14,MORATALAZ,1404,MEDIA LEGUA,4,14039,39,71,5,3,0,1
14,MORATALAZ,1404,MEDIA LEGUA,4,14039,39,72,2,7,0,0
14,MORATALAZ,1404,MEDIA LEGUA,4,14039,39,73,3,4,0,0
14,MORATALAZ,1404,MEDIA LEGUA,4,14039,39,74,4,2,0,1
14,MORATALAZ,1404,MEDIA LEGUA,4,14039,39,75,3,2,0,0
14,MORATALAZ,1404,MEDIA LEGUA,4,14039,39,76,3,8,0,0
14,MORATALAZ,1404,MEDIA LEGUA,4,14039,39,77,2,3,0,0
14,MORATALAZ,1404,MEDIA LEGUA,4,14039,39,78,3,9,0,0
14,MORATALAZ,1404,MEDIA LEGUA,4,14039,39,79,2,3,0,0
14,MORATALAZ,1404,MEDIA LEGUA,4,14039,39,80,1,2,1,0
14,MORATALAZ,1404,MEDIA LEGUA,4,14039,39,81,1,5,0,0
14,MORATALAZ,1404,MEDIA LEGUA,4,14039,39,82,2,3,0,0
14,MORATALAZ,1404,MEDIA LEGUA,4,14039,39,83,2,7,0,1
14,MORATALAZ,1404,MEDIA LEGUA,4,14039,39,84,1,7,0,0
14,MORATALAZ,1404,MEDIA LEGUA,4,14039,39,85,4,9,0,0
14,MORATALAZ,1404,MEDIA LEGUA,4,14039,39,86,4,6,0,0
14,MORATALAZ,1404,MEDIA LEGUA,4,14039,39,87,2,3,0,0
14,MORATALAZ,1404,MEDIA LEGUA,4,14039,39,88,5,8,0,0
14,MORATALAZ,1404,MEDIA LEGUA,4,14039,39,89,5,1,0,0
14,MORATALAZ,1404,MEDIA LEGUA,4,14039,39,90,0,3,0,0
14,MORATALAZ,1404,MEDIA LEGUA,4,14039,39,91,2,5,0,0
14,MORATALAZ,1404,MEDIA LEGUA,4,14039,39,92,0,1,0,0
14,MORATALAZ,1404,MEDIA LEGUA,4,14039,39,94,0,3,0,0
14,MORATALAZ,1404,MEDIA LEGUA,4,14039,39,95,0,2,0,0
14,MORATALAZ,1404,MEDIA LEGUA,4,14039,39,96,0,1,0,0
14,MORATALAZ,1404,MEDIA LEGUA,4,14039,39,99,0,1,0,0
14,MORATALAZ,1404,MEDIA LEGUA,4,14040,40,0,7,7,1,0
14,MORATALAZ,1404,MEDIA LEGUA,4,14040,40,1,6,6,0,1
14,MORATALAZ,1404,MEDIA LEGUA,4,14040,40,2,8,4,1,1
14,MORATALAZ,1404,MEDIA LEGUA,4,14040,40,3,6,3,0,0
14,MORATALAZ,1404,MEDIA LEGUA,4,14040,40,4,8,5,2,2
14,MORATALAZ,1404,MEDIA LEGUA,4,14040,40,5,2,4,0,1
14,MORATALAZ,1404,MEDIA LEGUA,4,14040,40,6,6,6,4,1
14,MORATALAZ,1404,MEDIA LEGUA,4,14040,40,7,5,2,1,0
14,MORATALAZ,1404,MEDIA LEGUA,4,14040,40,8,5,3,1,0
14,MORATALAZ,1404,MEDIA LEGUA,4,14040,40,9,5,4,0,0
14,MORATALAZ,1404,MEDIA LEGUA,4,14040,40,10,6,3,0,0
14,MORATALAZ,1404,MEDIA LEGUA,4,14040,40,11,4,4,0,0
14,MORATALAZ,1404,MEDIA LEGUA,4,14040,40,12,4,6,1,1
14,MORATALAZ,1404,MEDIA LEGUA,4,14040,40,13,7,2,2,0
14,MORATALAZ,1404,MEDIA LEGUA,4,14040,40,14,7,8,0,0
14,MORATALAZ,1404,MEDIA LEGUA,4,14040,40,15,6,8,1,1
14,MORATALAZ,1404,MEDIA LEGUA,4,14040,40,16,4,18,0,1
14,MORATALAZ,1404,MEDIA LEGUA,4,14040,40,17,8,11,0,0
14,MORATALAZ,1404,MEDIA LEGUA,4,14040,40,18,10,5,1,0
14,MORATALAZ,1404,MEDIA LEGUA,4,14040,40,19,10,10,0,0
14,MORATALAZ,1404,MEDIA LEGUA,4,14040,40,20,7,9,0,1
14,MORATALAZ,1404,MEDIA LEGUA,4,14040,40,21,12,7,0,1
14,MORATALAZ,1404,MEDIA LEGUA,4,14040,40,22,11,9,0,1
14,MORATALAZ,1404,MEDIA LEGUA,4,14040,40,23,9,8,0,3
14,MORATALAZ,1404,MEDIA LEGUA,4,14040,40,24,7,6,2,3
14,MORATALAZ,1404,MEDIA LEGUA,4,14040,40,25,9,14,1,3
14,MORATALAZ,1404,MEDIA LEGUA,4,14040,40,26,8,7,2,0
14,MORATALAZ,1404,MEDIA LEGUA,4,14040,40,27,11,11,1,6
14,MORATALAZ,1404,MEDIA LEGUA,4,14040,40,28,11,7,0,4
14,MORATALAZ,1404,MEDIA LEGUA,4,14040,40,29,14,8,1,0
14,MORATALAZ,1404,MEDIA LEGUA,4,14040,40,30,6,7,5,1
14,MORATALAZ,1404,MEDIA LEGUA,4,14040,40,31,12,6,1,4
14,MORATALAZ,1404,MEDIA LEGUA,4,14040,40,32,8,4,2,3
14,MORATALAZ,1404,MEDIA LEGUA,4,14040,40,33,4,7,2,2
14,MORATALAZ,1404,MEDIA LEGUA,4,14040,40,34,15,8,1,1
14,MORATALAZ,1404,MEDIA LEGUA,4,14040,40,35,8,8,0,4
14,MORATALAZ,1404,MEDIA LEGUA,4,14040,40,36,6,6,2,3
14,MORATALAZ,1404,MEDIA LEGUA,4,14040,40,37,7,6,1,1
14,MORATALAZ,1404,MEDIA LEGUA,4,14040,40,38,13,9,2,3
14,MORATALAZ,1404,MEDIA LEGUA,4,14040,40,39,10,11,1,0
14,MORATALAZ,1404,MEDIA LEGUA,4,14040,40,40,5,8,1,5
14,MORATALAZ,1404,MEDIA LEGUA,4,14040,40,41,7,11,1,1
14,MORATALAZ,1404,MEDIA LEGUA,4,14040,40,42,10,8,2,1
14,MORATALAZ,1404,MEDIA LEGUA,4,14040,40,43,8,4,2,0
14,MORATALAZ,1404,MEDIA LEGUA,4,14040,40,44,5,2,4,0
14,MORATALAZ,1404,MEDIA LEGUA,4,14040,40,45,7,8,1,1
14,MORATALAZ,1404,MEDIA LEGUA,4,14040,40,46,8,6,2,5
14,MORATALAZ,1404,MEDIA LEGUA,4,14040,40,47,8,10,3,1
14,MORATALAZ,1404,MEDIA LEGUA,4,14040,40,48,10,17,3,0
14,MORATALAZ,1404,MEDIA LEGUA,4,14040,40,49,12,15,0,3
14,MORATALAZ,1404,MEDIA LEGUA,4,14040,40,50,11,7,1,1
14,MORATALAZ,1404,MEDIA LEGUA,4,14040,40,51,10,7,1,1
14,MORATALAZ,1404,MEDIA LEGUA,4,14040,40,52,8,8,0,0
14,MORATALAZ,1404,MEDIA LEGUA,4,14040,40,53,8,10,0,0
14,MORATALAZ,1404,MEDIA LEGUA,4,14040,40,54,6,17,2,3
14,MORATALAZ,1404,MEDIA LEGUA,4,14040,40,55,11,20,0,1
14,MORATALAZ,1404,MEDIA LEGUA,4,14040,40,56,8,16,0,1
14,MORATALAZ,1404,MEDIA LEGUA,4,14040,40,57,15,18,1,0
14,MORATALAZ,1404,MEDIA LEGUA,4,14040,40,58,6,19,1,0
14,MORATALAZ,1404,MEDIA LEGUA,4,14040,40,59,13,22,1,3
14,MORATALAZ,1404,MEDIA LEGUA,4,14040,40,60,16,21,0,1
14,MORATALAZ,1404,MEDIA LEGUA,4,14040,40,61,16,15,0,0
14,MORATALAZ,1404,MEDIA LEGUA,4,14040,40,62,9,15,1,2
14,MORATALAZ,1404,MEDIA LEGUA,4,14040,40,63,13,19,0,0
14,MORATALAZ,1404,MEDIA LEGUA,4,14040,40,64,12,14,0,0
14,MORATALAZ,1404,MEDIA LEGUA,4,14040,40,65,18,22,1,0
14,MORATALAZ,1404,MEDIA LEGUA,4,14040,40,66,18,17,0,0
14,MORATALAZ,1404,MEDIA LEGUA,4,14040,40,67,15,24,0,1
14,MORATALAZ,1404,MEDIA LEGUA,4,14040,40,68,10,29,0,0
14,MORATALAZ,1404,MEDIA LEGUA,4,14040,40,69,20,13,0,0
14,MORATALAZ,1404,MEDIA LEGUA,4,14040,40,70,12,14,0,0
14,MORATALAZ,1404,MEDIA LEGUA,4,14040,40,71,11,10,0,0
14,MORATALAZ,1404,MEDIA LEGUA,4,14040,40,72,13,14,0,0
14,MORATALAZ,1404,MEDIA LEGUA,4,14040,40,73,6,13,0,0
14,MORATALAZ,1404,MEDIA LEGUA,4,14040,40,74,12,13,0,0
14,MORATALAZ,1404,MEDIA LEGUA,4,14040,40,75,10,8,0,0
14,MORATALAZ,1404,MEDIA LEGUA,4,14040,40,76,10,8,0,0
14,MORATALAZ,1404,MEDIA LEGUA,4,14040,40,77,6,12,0,0
14,MORATALAZ,1404,MEDIA LEGUA,4,14040,40,78,10,6,0,0
14,MORATALAZ,1404,MEDIA LEGUA,4,14040,40,79,7,9,1,0
14,MORATALAZ,1404,MEDIA LEGUA,4,14040,40,80,4,8,0,0
14,MORATALAZ,1404,MEDIA LEGUA,4,14040,40,81,2,6,0,0
14,MORATALAZ,1404,MEDIA LEGUA,4,14040,40,82,4,5,0,0
14,MORATALAZ,1404,MEDIA LEGUA,4,14040,40,83,1,4,0,0
14,MORATALAZ,1404,MEDIA LEGUA,4,14040,40,84,2,7,0,0
14,MORATALAZ,1404,MEDIA LEGUA,4,14040,40,85,4,3,0,0
14,MORATALAZ,1404,MEDIA LEGUA,4,14040,40,86,1,3,0,0
14,MORATALAZ,1404,MEDIA LEGUA,4,14040,40,87,2,4,0,0
14,MORATALAZ,1404,MEDIA LEGUA,4,14040,40,88,2,8,0,0
14,MORATALAZ,1404,MEDIA LEGUA,4,14040,40,89,2,4,0,0
14,MORATALAZ,1404,MEDIA LEGUA,4,14040,40,90,1,5,0,0
14,MORATALAZ,1404,MEDIA LEGUA,4,14040,40,91,3,2,1,0
14,MORATALAZ,1404,MEDIA LEGUA,4,14040,40,92,1,3,0,0
14,MORATALAZ,1404,MEDIA LEGUA,4,14040,40,93,0,3,0,0
14,MORATALAZ,1404,MEDIA LEGUA,4,14040,40,94,1,3,0,0
14,MORATALAZ,1404,MEDIA LEGUA,4,14040,40,95,1,0,0,0
14,MORATALAZ,1404,MEDIA LEGUA,4,14040,40,97,0,1,0,0
14,MORATALAZ,1404,MEDIA LEGUA,4,14040,40,104,1,0,0,0
14,MORATALAZ,1404,MEDIA LEGUA,4,14041,41,0,0,2,1,0
14,MORATALAZ,1404,MEDIA LEGUA,4,14041,41,1,2,1,0,0
14,MORATALAZ,1404,MEDIA LEGUA,4,14041,41,2,2,2,0,0
14,MORATALAZ,1404,MEDIA LEGUA,4,14041,41,3,4,1,0,0
14,MORATALAZ,1404,MEDIA LEGUA,4,14041,41,4,1,0,0,0
14,MORATALAZ,1404,MEDIA LEGUA,4,14041,41,5,1,3,0,0
14,MORATALAZ,1404,MEDIA LEGUA,4,14041,41,6,2,1,0,0
14,MORATALAZ,1404,MEDIA LEGUA,4,14041,41,7,1,1,0,0
14,MORATALAZ,1404,MEDIA LEGUA,4,14041,41,8,1,1,0,0
14,MORATALAZ,1404,MEDIA LEGUA,4,14041,41,9,3,2,0,1
14,MORATALAZ,1404,MEDIA LEGUA,4,14041,41,10,2,2,0,0
14,MORATALAZ,1404,MEDIA LEGUA,4,14041,41,11,1,2,0,0
14,MORATALAZ,1404,MEDIA LEGUA,4,14041,41,12,0,4,0,0
14,MORATALAZ,1404,MEDIA LEGUA,4,14041,41,13,0,2,0,0
14,MORATALAZ,1404,MEDIA LEGUA,4,14041,41,14,3,3,0,0
14,MORATALAZ,1404,MEDIA LEGUA,4,14041,41,15,1,2,0,0
14,MORATALAZ,1404,MEDIA LEGUA,4,14041,41,16,3,1,0,0
14,MORATALAZ,1404,MEDIA LEGUA,4,14041,41,17,0,2,0,0
14,MORATALAZ,1404,MEDIA LEGUA,4,14041,41,18,4,1,0,0
14,MORATALAZ,1404,MEDIA LEGUA,4,14041,41,19,2,0,0,0
14,MORATALAZ,1404,MEDIA LEGUA,4,14041,41,20,1,3,0,0
14,MORATALAZ,1404,MEDIA LEGUA,4,14041,41,21,1,5,0,0
14,MORATALAZ,1404,MEDIA LEGUA,4,14041,41,22,0,4,0,0
14,MORATALAZ,1404,MEDIA LEGUA,4,14041,41,23,3,3,0,0
14,MORATALAZ,1404,MEDIA LEGUA,4,14041,41,24,7,1,0,0
14,MORATALAZ,1404,MEDIA LEGUA,4,14041,41,25,6,3,0,1
14,MORATALAZ,1404,MEDIA LEGUA,4,14041,41,26,4,3,0,0
14,MORATALAZ,1404,MEDIA LEGUA,4,14041,41,27,4,2,0,0
14,MORATALAZ,1404,MEDIA LEGUA,4,14041,41,28,4,5,0,1
14,MORATALAZ,1404,MEDIA LEGUA,4,14041,41,29,1,5,0,1
14,MORATALAZ,1404,MEDIA LEGUA,4,14041,41,30,3,2,0,0
14,MORATALAZ,1404,MEDIA LEGUA,4,14041,41,31,4,3,0,2
14,MORATALAZ,1404,MEDIA LEGUA,4,14041,41,32,0,3,0,1
14,MORATALAZ,1404,MEDIA LEGUA,4,14041,41,33,1,6,0,2
14,MORATALAZ,1404,MEDIA LEGUA,4,14041,41,34,3,3,0,0
14,MORATALAZ,1404,MEDIA LEGUA,4,14041,41,35,6,6,0,0
14,MORATALAZ,1404,MEDIA LEGUA,4,14041,41,36,3,0,0,0
14,MORATALAZ,1404,MEDIA LEGUA,4,14041,41,37,4,5,1,0
14,MORATALAZ,1404,MEDIA LEGUA,4,14041,41,38,3,3,0,0
14,MORATALAZ,1404,MEDIA LEGUA,4,14041,41,39,5,4,0,0
14,MORATALAZ,1404,MEDIA LEGUA,4,14041,41,40,1,5,0,2
14,MORATALAZ,1404,MEDIA LEGUA,4,14041,41,41,2,4,1,2
14,MORATALAZ,1404,MEDIA LEGUA,4,14041,41,42,5,7,1,0
14,MORATALAZ,1404,MEDIA LEGUA,4,14041,41,43,3,4,0,1
14,MORATALAZ,1404,MEDIA LEGUA,4,14041,41,44,3,5,0,0
14,MORATALAZ,1404,MEDIA LEGUA,4,14041,41,45,4,4,0,0
14,MORATALAZ,1404,MEDIA LEGUA,4,14041,41,46,5,3,0,0
14,MORATALAZ,1404,MEDIA LEGUA,4,14041,41,47,2,5,1,0
14,MORATALAZ,1404,MEDIA LEGUA,4,14041,41,48,2,4,0,0
14,MORATALAZ,1404,MEDIA LEGUA,4,14041,41,49,2,2,0,0
14,MORATALAZ,1404,MEDIA LEGUA,4,14041,41,50,3,4,0,0
14,MORATALAZ,1404,MEDIA LEGUA,4,14041,41,51,2,7,2,0
14,MORATALAZ,1404,MEDIA LEGUA,4,14041,41,52,4,3,2,0
14,MORATALAZ,1404,MEDIA LEGUA,4,14041,41,53,5,1,1,1
14,MORATALAZ,1404,MEDIA LEGUA,4,14041,41,54,2,4,0,0
14,MORATALAZ,1404,MEDIA LEGUA,4,14041,41,55,6,5,0,0
14,MORATALAZ,1404,MEDIA LEGUA,4,14041,41,56,4,7,0,1
14,MORATALAZ,1404,MEDIA LEGUA,4,14041,41,57,5,2,0,0
14,MORATALAZ,1404,MEDIA LEGUA,4,14041,41,58,3,7,0,0
14,MORATALAZ,1404,MEDIA LEGUA,4,14041,41,59,8,4,0,0
14,MORATALAZ,1404,MEDIA LEGUA,4,14041,41,60,4,6,0,0
14,MORATALAZ,1404,MEDIA LEGUA,4,14041,41,61,4,5,0,0
14,MORATALAZ,1404,MEDIA LEGUA,4,14041,41,62,6,5,0,1
14,MORATALAZ,1404,MEDIA LEGUA,4,14041,41,63,3,9,0,0
14,MORATALAZ,1404,MEDIA LEGUA,4,14041,41,64,2,12,0,0
14,MORATALAZ,1404,MEDIA LEGUA,4,14041,41,65,6,7,0,0
14,MORATALAZ,1404,MEDIA LEGUA,4,14041,41,66,2,6,0,0
14,MORATALAZ,1404,MEDIA LEGUA,4,14041,41,67,7,11,0,0
14,MORATALAZ,1404,MEDIA LEGUA,4,14041,41,68,12,12,0,0
14,MORATALAZ,1404,MEDIA LEGUA,4,14041,41,69,10,9,0,0
14,MORATALAZ,1404,MEDIA LEGUA,4,14041,41,70,5,5,0,0
14,MORATALAZ,1404,MEDIA LEGUA,4,14041,41,71,10,13,0,0
14,MORATALAZ,1404,MEDIA LEGUA,4,14041,41,72,12,13,0,0
14,MORATALAZ,1404,MEDIA LEGUA,4,14041,41,73,9,8,0,0
14,MORATALAZ,1404,MEDIA LEGUA,4,14041,41,74,11,12,0,0
14,MORATALAZ,1404,MEDIA LEGUA,4,14041,41,75,10,14,0,0
14,MORATALAZ,1404,MEDIA LEGUA,4,14041,41,76,6,9,0,0
14,MORATALAZ,1404,MEDIA LEGUA,4,14041,41,77,8,18,0,0
14,MORATALAZ,1404,MEDIA LEGUA,4,14041,41,78,7,9,0,0
14,MORATALAZ,1404,MEDIA LEGUA,4,14041,41,79,12,7,0,0
14,MORATALAZ,1404,MEDIA LEGUA,4,14041,41,80,4,7,0,0
14,MORATALAZ,1404,MEDIA LEGUA,4,14041,41,81,11,6,0,0
14,MORATALAZ,1404,MEDIA LEGUA,4,14041,41,82,2,8,0,0
14,MORATALAZ,1404,MEDIA LEGUA,4,14041,41,83,6,5,0,0
14,MORATALAZ,1404,MEDIA LEGUA,4,14041,41,84,5,11,0,0
14,MORATALAZ,1404,MEDIA LEGUA,4,14041,41,85,2,4,0,0
14,MORATALAZ,1404,MEDIA LEGUA,4,14041,41,86,6,6,0,0
14,MORATALAZ,1404,MEDIA LEGUA,4,14041,41,87,3,3,0,0
14,MORATALAZ,1404,MEDIA LEGUA,4,14041,41,88,7,1,0,0
14,MORATALAZ,1404,MEDIA LEGUA,4,14041,41,89,1,4,0,1
14,MORATALAZ,1404,MEDIA LEGUA,4,14041,41,90,2,2,0,0
14,MORATALAZ,1404,MEDIA LEGUA,4,14041,41,91,0,2,0,0
14,MORATALAZ,1404,MEDIA LEGUA,4,14041,41,92,2,1,0,0
14,MORATALAZ,1404,MEDIA LEGUA,4,14041,41,93,0,2,0,0
14,MORATALAZ,1404,MEDIA LEGUA,4,14041,41,94,0,1,0,0
14,MORATALAZ,1404,MEDIA LEGUA,4,14041,41,95,0,1,0,0
14,MORATALAZ,1404,MEDIA LEGUA,4,14041,41,102,0,1,0,0
14,MORATALAZ,1404,MEDIA LEGUA,4,14042,42,0,0,1,0,0
14,MORATALAZ,1404,MEDIA LEGUA,4,14042,42,1,2,3,0,0
14,MORATALAZ,1404,MEDIA LEGUA,4,14042,42,2,4,3,0,0
14,MORATALAZ,1404,MEDIA LEGUA,4,14042,42,3,4,2,0,0
14,MORATALAZ,1404,MEDIA LEGUA,4,14042,42,4,1,2,0,0
14,MORATALAZ,1404,MEDIA LEGUA,4,14042,42,5,2,2,0,0
14,MORATALAZ,1404,MEDIA LEGUA,4,14042,42,6,4,4,0,0
14,MORATALAZ,1404,MEDIA LEGUA,4,14042,42,7,3,1,0,0
14,MORATALAZ,1404,MEDIA LEGUA,4,14042,42,8,5,4,0,0
14,MORATALAZ,1404,MEDIA LEGUA,4,14042,42,9,5,3,0,0
14,MORATALAZ,1404,MEDIA LEGUA,4,14042,42,10,4,3,0,0
14,MORATALAZ,1404,MEDIA LEGUA,4,14042,42,11,3,4,0,0
14,MORATALAZ,1404,MEDIA LEGUA,4,14042,42,12,3,4,0,0
14,MORATALAZ,1404,MEDIA LEGUA,4,14042,42,13,4,2,0,0
14,MORATALAZ,1404,MEDIA LEGUA,4,14042,42,14,7,4,0,0
14,MORATALAZ,1404,MEDIA LEGUA,4,14042,42,15,0,2,1,0
14,MORATALAZ,1404,MEDIA LEGUA,4,14042,42,16,6,4,1,0
14,MORATALAZ,1404,MEDIA LEGUA,4,14042,42,17,2,5,0,0
14,MORATALAZ,1404,MEDIA LEGUA,4,14042,42,18,3,1,0,0
14,MORATALAZ,1404,MEDIA LEGUA,4,14042,42,19,3,2,1,0
14,MORATALAZ,1404,MEDIA LEGUA,4,14042,42,20,4,3,0,0
14,MORATALAZ,1404,MEDIA LEGUA,4,14042,42,21,4,9,0,0
14,MORATALAZ,1404,MEDIA LEGUA,4,14042,42,22,1,4,0,1
14,MORATALAZ,1404,MEDIA LEGUA,4,14042,42,23,6,4,1,1
14,MORATALAZ,1404,MEDIA LEGUA,4,14042,42,24,6,4,0,1
14,MORATALAZ,1404,MEDIA LEGUA,4,14042,42,25,5,3,0,0
14,MORATALAZ,1404,MEDIA LEGUA,4,14042,42,26,1,4,0,0
14,MORATALAZ,1404,MEDIA LEGUA,4,14042,42,27,6,5,1,0
14,MORATALAZ,1404,MEDIA LEGUA,4,14042,42,28,4,5,0,0
14,MORATALAZ,1404,MEDIA LEGUA,4,14042,42,29,5,1,0,0
14,MORATALAZ,1404,MEDIA LEGUA,4,14042,42,30,3,3,0,1
14,MORATALAZ,1404,MEDIA LEGUA,4,14042,42,31,4,2,0,0
14,MORATALAZ,1404,MEDIA LEGUA,4,14042,42,32,7,3,0,0
14,MORATALAZ,1404,MEDIA LEGUA,4,14042,42,33,8,5,0,0
14,MORATALAZ,1404,MEDIA LEGUA,4,14042,42,34,2,8,2,1
14,MORATALAZ,1404,MEDIA LEGUA,4,14042,42,35,3,5,1,2
14,MORATALAZ,1404,MEDIA LEGUA,4,14042,42,36,6,3,1,1
14,MORATALAZ,1404,MEDIA LEGUA,4,14042,42,37,3,2,0,0
14,MORATALAZ,1404,MEDIA LEGUA,4,14042,42,38,11,6,0,1
14,MORATALAZ,1404,MEDIA LEGUA,4,14042,42,39,4,4,0,1
14,MORATALAZ,1404,MEDIA LEGUA,4,14042,42,40,4,6,0,1
14,MORATALAZ,1404,MEDIA LEGUA,4,14042,42,41,5,3,2,0
14,MORATALAZ,1404,MEDIA LEGUA,4,14042,42,42,6,5,0,0
14,MORATALAZ,1404,MEDIA LEGUA,4,14042,42,43,6,0,2,1
14,MORATALAZ,1404,MEDIA LEGUA,4,14042,42,44,5,4,0,0
14,MORATALAZ,1404,MEDIA LEGUA,4,14042,42,45,5,5,1,1
14,MORATALAZ,1404,MEDIA LEGUA,4,14042,42,46,6,4,0,0
14,MORATALAZ,1404,MEDIA LEGUA,4,14042,42,47,5,7,0,0
14,MORATALAZ,1404,MEDIA LEGUA,4,14042,42,48,1,3,0,0
14,MORATALAZ,1404,MEDIA LEGUA,4,14042,42,49,3,8,0,1
14,MORATALAZ,1404,MEDIA LEGUA,4,14042,42,50,2,5,0,0
14,MORATALAZ,1404,MEDIA LEGUA,4,14042,42,51,5,7,0,0
14,MORATALAZ,1404,MEDIA LEGUA,4,14042,42,52,4,4,0,1
14,MORATALAZ,1404,MEDIA LEGUA,4,14042,42,53,3,6,2,2
14,MORATALAZ,1404,MEDIA LEGUA,4,14042,42,54,6,7,0,0
14,MORATALAZ,1404,MEDIA LEGUA,4,14042,42,55,2,5,2,0
14,MORATALAZ,1404,MEDIA LEGUA,4,14042,42,56,5,7,0,0
14,MORATALAZ,1404,MEDIA LEGUA,4,14042,42,57,5,9,2,0
14,MORATALAZ,1404,MEDIA LEGUA,4,14042,42,58,5,6,0,0
14,MORATALAZ,1404,MEDIA LEGUA,4,14042,42,59,5,6,0,0
14,MORATALAZ,1404,MEDIA LEGUA,4,14042,42,60,7,9,0,0
14,MORATALAZ,1404,MEDIA LEGUA,4,14042,42,61,3,6,0,0
14,MORATALAZ,1404,MEDIA LEGUA,4,14042,42,62,7,10,0,0
14,MORATALAZ,1404,MEDIA LEGUA,4,14042,42,63,10,14,0,0
14,MORATALAZ,1404,MEDIA LEGUA,4,14042,42,64,7,11,0,0
14,MORATALAZ,1404,MEDIA LEGUA,4,14042,42,65,6,13,0,0
14,MORATALAZ,1404,MEDIA LEGUA,4,14042,42,66,10,16,0,0
14,MORATALAZ,1404,MEDIA LEGUA,4,14042,42,67,10,14,0,0
14,MORATALAZ,1404,MEDIA LEGUA,4,14042,42,68,6,17,0,1
14,MORATALAZ,1404,MEDIA LEGUA,4,14042,42,69,18,9,0,0
14,MORATALAZ,1404,MEDIA LEGUA,4,14042,42,70,15,18,0,0
14,MORATALAZ,1404,MEDIA LEGUA,4,14042,42,71,10,8,0,0
14,MORATALAZ,1404,MEDIA LEGUA,4,14042,42,72,7,17,0,0
14,MORATALAZ,1404,MEDIA LEGUA,4,14042,42,73,9,17,0,0
14,MORATALAZ,1404,MEDIA LEGUA,4,14042,42,74,9,9,1,0
14,MORATALAZ,1404,MEDIA LEGUA,4,14042,42,75,6,13,0,0
14,MORATALAZ,1404,MEDIA LEGUA,4,14042,42,76,10,12,0,0
14,MORATALAZ,1404,MEDIA LEGUA,4,14042,42,77,7,18,0,0
14,MORATALAZ,1404,MEDIA LEGUA,4,14042,42,78,7,9,0,0
14,MORATALAZ,1404,MEDIA LEGUA,4,14042,42,79,11,6,1,1
14,MORATALAZ,1404,MEDIA LEGUA,4,14042,42,80,6,10,0,0
14,MORATALAZ,1404,MEDIA LEGUA,4,14042,42,81,9,6,0,0
14,MORATALAZ,1404,MEDIA LEGUA,4,14042,42,82,3,4,0,0
14,MORATALAZ,1404,MEDIA LEGUA,4,14042,42,83,4,8,0,0
14,MORATALAZ,1404,MEDIA LEGUA,4,14042,42,84,3,7,0,0
14,MORATALAZ,1404,MEDIA LEGUA,4,14042,42,85,5,5,0,0
14,MORATALAZ,1404,MEDIA LEGUA,4,14042,42,86,2,3,0,0
14,MORATALAZ,1404,MEDIA LEGUA,4,14042,42,87,2,2,0,0
14,MORATALAZ,1404,MEDIA LEGUA,4,14042,42,88,0,2,0,0
14,MORATALAZ,1404,MEDIA LEGUA,4,14042,42,89,3,1,0,0
14,MORATALAZ,1404,MEDIA LEGUA,4,14042,42,90,3,4,0,0
14,MORATALAZ,1404,MEDIA LEGUA,4,14042,42,91,2,2,0,0
14,MORATALAZ,1404,MEDIA LEGUA,4,14042,42,92,1,0,0,0
14,MORATALAZ,1404,MEDIA LEGUA,4,14042,42,93,2,1,0,0
14,MORATALAZ,1404,MEDIA LEGUA,4,14042,42,95,0,1,0,0
14,MORATALAZ,1404,MEDIA LEGUA,4,14042,42,98,1,2,0,0
14,MORATALAZ,1404,MEDIA LEGUA,4,14082,82,0,12,8,1,0
14,MORATALAZ,1404,MEDIA LEGUA,4,14082,82,1,7,5,1,0
14,MORATALAZ,1404,MEDIA LEGUA,4,14082,82,2,7,8,0,0
14,MORATALAZ,1404,MEDIA LEGUA,4,14082,82,3,3,10,0,0
14,MORATALAZ,1404,MEDIA LEGUA,4,14082,82,4,4,11,1,0
14,MORATALAZ,1404,MEDIA LEGUA,4,14082,82,5,6,9,0,1
14,MORATALAZ,1404,MEDIA LEGUA,4,14082,82,6,9,10,0,1
14,MORATALAZ,1404,MEDIA LEGUA,4,14082,82,7,8,7,0,0
14,MORATALAZ,1404,MEDIA LEGUA,4,14082,82,8,3,8,1,1
14,MORATALAZ,1404,MEDIA LEGUA,4,14082,82,9,4,7,1,1
14,MORATALAZ,1404,MEDIA LEGUA,4,14082,82,10,2,3,0,0
14,MORATALAZ,1404,MEDIA LEGUA,4,14082,82,11,6,3,0,1
14,MORATALAZ,1404,MEDIA LEGUA,4,14082,82,12,9,10,0,0
14,MORATALAZ,1404,MEDIA LEGUA,4,14082,82,13,9,7,0,0
14,MORATALAZ,1404,MEDIA LEGUA,4,14082,82,14,11,8,0,0
14,MORATALAZ,1404,MEDIA LEGUA,4,14082,82,15,7,4,0,1
14,MORATALAZ,1404,MEDIA LEGUA,4,14082,82,16,5,2,1,2
14,MORATALAZ,1404,MEDIA LEGUA,4,14082,82,17,7,9,0,0
14,MORATALAZ,1404,MEDIA LEGUA,4,14082,82,18,5,7,1,0
14,MORATALAZ,1404,MEDIA LEGUA,4,14082,82,19,12,8,0,2
14,MORATALAZ,1404,MEDIA LEGUA,4,14082,82,20,6,4,3,1
14,MORATALAZ,1404,MEDIA LEGUA,4,14082,82,21,5,11,1,1
14,MORATALAZ,1404,MEDIA LEGUA,4,14082,82,22,8,7,0,2
14,MORATALAZ,1404,MEDIA LEGUA,4,14082,82,23,6,7,2,2
14,MORATALAZ,1404,MEDIA LEGUA,4,14082,82,24,5,7,3,4
14,MORATALAZ,1404,MEDIA LEGUA,4,14082,82,25,6,10,3,0
14,MORATALAZ,1404,MEDIA LEGUA,4,14082,82,26,14,7,3,2
14,MORATALAZ,1404,MEDIA LEGUA,4,14082,82,27,4,9,2,2
14,MORATALAZ,1404,MEDIA LEGUA,4,14082,82,28,14,4,1,0
14,MORATALAZ,1404,MEDIA LEGUA,4,14082,82,29,2,7,2,1
14,MORATALAZ,1404,MEDIA LEGUA,4,14082,82,30,7,7,1,1
14,MORATALAZ,1404,MEDIA LEGUA,4,14082,82,31,4,5,6,1
14,MORATALAZ,1404,MEDIA LEGUA,4,14082,82,32,6,8,0,0
14,MORATALAZ,1404,MEDIA LEGUA,4,14082,82,33,7,5,0,1
14,MORATALAZ,1404,MEDIA LEGUA,4,14082,82,34,10,8,2,0
14,MORATALAZ,1404,MEDIA LEGUA,4,14082,82,35,8,13,1,2
14,MORATALAZ,1404,MEDIA LEGUA,4,14082,82,36,9,9,3,2
14,MORATALAZ,1404,MEDIA LEGUA,4,14082,82,37,10,6,0,0
14,MORATALAZ,1404,MEDIA LEGUA,4,14082,82,38,7,4,1,0
14,MORATALAZ,1404,MEDIA LEGUA,4,14082,82,39,9,6,0,1
14,MORATALAZ,1404,MEDIA LEGUA,4,14082,82,40,7,6,2,4
14,MORATALAZ,1404,MEDIA LEGUA,4,14082,82,41,5,5,2,2
14,MORATALAZ,1404,MEDIA LEGUA,4,14082,82,42,8,8,1,2
14,MORATALAZ,1404,MEDIA LEGUA,4,14082,82,43,7,8,1,2
14,MORATALAZ,1404,MEDIA LEGUA,4,14082,82,44,4,3,1,1
14,MORATALAZ,1404,MEDIA LEGUA,4,14082,82,45,5,5,1,0
14,MORATALAZ,1404,MEDIA LEGUA,4,14082,82,46,6,9,2,3
14,MORATALAZ,1404,MEDIA LEGUA,4,14082,82,47,6,5,0,1
14,MORATALAZ,1404,MEDIA LEGUA,4,14082,82,48,6,5,2,1
14,MORATALAZ,1404,MEDIA LEGUA,4,14082,82,49,7,5,2,0
14,MORATALAZ,1404,MEDIA LEGUA,4,14082,82,50,5,6,1,3
14,MORATALAZ,1404,MEDIA LEGUA,4,14082,82,51,10,13,0,3
14,MORATALAZ,1404,MEDIA LEGUA,4,14082,82,52,6,4,0,3
14,MORATALAZ,1404,MEDIA LEGUA,4,14082,82,53,6,11,3,1
14,MORATALAZ,1404,MEDIA LEGUA,4,14082,82,54,10,6,0,1
14,MORATALAZ,1404,MEDIA LEGUA,4,14082,82,55,8,11,1,1
14,MORATALAZ,1404,MEDIA LEGUA,4,14082,82,56,12,17,2,2
14,MORATALAZ,1404,MEDIA LEGUA,4,14082,82,57,16,8,3,0
14,MORATALAZ,1404,MEDIA LEGUA,4,14082,82,58,6,7,1,1
14,MORATALAZ,1404,MEDIA LEGUA,4,14082,82,59,13,8,2,0
14,MORATALAZ,1404,MEDIA LEGUA,4,14082,82,60,11,12,0,2
14,MORATALAZ,1404,MEDIA LEGUA,4,14082,82,61,9,9,2,0
14,MORATALAZ,1404,MEDIA LEGUA,4,14082,82,62,4,6,0,0
14,MORATALAZ,1404,MEDIA LEGUA,4,14082,82,63,7,11,0,1
14,MORATALAZ,1404,MEDIA LEGUA,4,14082,82,64,6,3,0,1
14,MORATALAZ,1404,MEDIA LEGUA,4,14082,82,65,5,12,0,0
14,MORATALAZ,1404,MEDIA LEGUA,4,14082,82,66,7,8,3,0
14,MORATALAZ,1404,MEDIA LEGUA,4,14082,82,67,1,3,0,1
14,MORATALAZ,1404,MEDIA LEGUA,4,14082,82,68,5,6,1,0
14,MORATALAZ,1404,MEDIA LEGUA,4,14082,82,69,2,6,0,0
14,MORATALAZ,1404,MEDIA LEGUA,4,14082,82,70,1,4,0,0
14,MORATALAZ,1404,MEDIA LEGUA,4,14082,82,71,6,7,0,0
14,MORATALAZ,1404,MEDIA LEGUA,4,14082,82,72,0,4,0,0
14,MORATALAZ,1404,MEDIA LEGUA,4,14082,82,73,2,8,0,0
14,MORATALAZ,1404,MEDIA LEGUA,4,14082,82,74,3,8,0,0
14,MORATALAZ,1404,MEDIA LEGUA,4,14082,82,75,4,5,0,0
14,MORATALAZ,1404,MEDIA LEGUA,4,14082,82,76,4,8,0,0
14,MORATALAZ,1404,MEDIA LEGUA,4,14082,82,77,5,7,0,1
14,MORATALAZ,1404,MEDIA LEGUA,4,14082,82,78,2,0,0,1
14,MORATALAZ,1404,MEDIA LEGUA,4,14082,82,79,2,3,0,0
14,MORATALAZ,1404,MEDIA LEGUA,4,14082,82,80,1,1,0,0
14,MORATALAZ,1404,MEDIA LEGUA,4,14082,82,81,1,5,0,0
14,MORATALAZ,1404,MEDIA LEGUA,4,14082,82,82,2,1,0,0
14,MORATALAZ,1404,MEDIA LEGUA,4,14082,82,83,1,3,0,0
14,MORATALAZ,1404,MEDIA LEGUA,4,14082,82,84,2,4,0,0
14,MORATALAZ,1404,MEDIA LEGUA,4,14082,82,85,2,2,0,0
14,MORATALAZ,1404,MEDIA LEGUA,4,14082,82,86,1,2,0,0
14,MORATALAZ,1404,MEDIA LEGUA,4,14082,82,87,1,1,0,0
14,MORATALAZ,1404,MEDIA LEGUA,4,14082,82,88,0,1,0,0
14,MORATALAZ,1404,MEDIA LEGUA,4,14082,82,89,1,1,0,0
14,MORATALAZ,1404,MEDIA LEGUA,4,14082,82,91,0,1,0,0
14,MORATALAZ,1404,MEDIA LEGUA,4,14082,82,93,1,1,0,0
14,MORATALAZ,1404,MEDIA LEGUA,4,14082,82,94,0,1,0,0
14,MORATALAZ,1404,MEDIA LEGUA,4,14082,82,95,0,1,0,0
14,MORATALAZ,1404,MEDIA LEGUA,4,14082,82,98,0,1,0,0
14,MORATALAZ,1404,MEDIA LEGUA,4,14082,82,99,0,2,0,0
14,MORATALAZ,1404,MEDIA LEGUA,4,14083,83,0,4,3,0,1
14,MORATALAZ,1404,MEDIA LEGUA,4,14083,83,1,7,7,0,1
14,MORATALAZ,1404,MEDIA LEGUA,4,14083,83,2,12,8,1,1
14,MORATALAZ,1404,MEDIA LEGUA,4,14083,83,3,10,12,1,0
14,MORATALAZ,1404,MEDIA LEGUA,4,14083,83,4,6,8,1,3
14,MORATALAZ,1404,MEDIA LEGUA,4,14083,83,5,9,12,0,2
14,MORATALAZ,1404,MEDIA LEGUA,4,14083,83,6,9,5,0,4
14,MORATALAZ,1404,MEDIA LEGUA,4,14083,83,7,6,12,0,1
14,MORATALAZ,1404,MEDIA LEGUA,4,14083,83,8,3,5,1,1
14,MORATALAZ,1404,MEDIA LEGUA,4,14083,83,9,12,3,0,0
14,MORATALAZ,1404,MEDIA LEGUA,4,14083,83,10,9,7,1,0
14,MORATALAZ,1404,MEDIA LEGUA,4,14083,83,11,5,4,3,0
14,MORATALAZ,1404,MEDIA LEGUA,4,14083,83,12,10,9,1,0
14,MORATALAZ,1404,MEDIA LEGUA,4,14083,83,13,5,7,1,1
14,MORATALAZ,1404,MEDIA LEGUA,4,14083,83,14,6,8,0,0
14,MORATALAZ,1404,MEDIA LEGUA,4,14083,83,15,6,3,0,0
14,MORATALAZ,1404,MEDIA LEGUA,4,14083,83,16,8,8,0,1
14,MORATALAZ,1404,MEDIA LEGUA,4,14083,83,17,2,10,6,0
14,MORATALAZ,1404,MEDIA LEGUA,4,14083,83,18,6,5,2,1
14,MORATALAZ,1404,MEDIA LEGUA,4,14083,83,19,9,7,3,0
14,MORATALAZ,1404,MEDIA LEGUA,4,14083,83,20,10,5,1,1
14,MORATALAZ,1404,MEDIA LEGUA,4,14083,83,21,5,10,2,1
14,MORATALAZ,1404,MEDIA LEGUA,4,14083,83,22,5,7,2,0
14,MORATALAZ,1404,MEDIA LEGUA,4,14083,83,23,9,7,2,2
14,MORATALAZ,1404,MEDIA LEGUA,4,14083,83,24,11,4,1,0
14,MORATALAZ,1404,MEDIA LEGUA,4,14083,83,25,9,4,4,2
14,MORATALAZ,1404,MEDIA LEGUA,4,14083,83,26,12,7,1,1
14,MORATALAZ,1404,MEDIA LEGUA,4,14083,83,27,10,9,2,2
14,MORATALAZ,1404,MEDIA LEGUA,4,14083,83,28,5,11,3,1
14,MORATALAZ,1404,MEDIA LEGUA,4,14083,83,29,11,8,1,3
14,MORATALAZ,1404,MEDIA LEGUA,4,14083,83,30,8,6,1,3
14,MORATALAZ,1404,MEDIA LEGUA,4,14083,83,31,7,9,1,2
14,MORATALAZ,1404,MEDIA LEGUA,4,14083,83,32,9,11,4,2
14,MORATALAZ,1404,MEDIA LEGUA,4,14083,83,33,14,4,0,3
14,MORATALAZ,1404,MEDIA LEGUA,4,14083,83,34,12,7,4,5
14,MORATALAZ,1404,MEDIA LEGUA,4,14083,83,35,14,5,0,3
14,MORATALAZ,1404,MEDIA LEGUA,4,14083,83,36,6,10,3,1
14,MORATALAZ,1404,MEDIA LEGUA,4,14083,83,37,3,10,1,3
14,MORATALAZ,1404,MEDIA LEGUA,4,14083,83,38,16,8,2,5
14,MORATALAZ,1404,MEDIA LEGUA,4,14083,83,39,11,10,2,3
14,MORATALAZ,1404,MEDIA LEGUA,4,14083,83,40,6,11,3,2
14,MORATALAZ,1404,MEDIA LEGUA,4,14083,83,41,9,6,2,4
14,MORATALAZ,1404,MEDIA LEGUA,4,14083,83,42,17,7,1,1
14,MORATALAZ,1404,MEDIA LEGUA,4,14083,83,43,9,9,4,1
14,MORATALAZ,1404,MEDIA LEGUA,4,14083,83,44,8,6,1,2
14,MORATALAZ,1404,MEDIA LEGUA,4,14083,83,45,7,8,3,0
14,MORATALAZ,1404,MEDIA LEGUA,4,14083,83,46,9,12,0,2
14,MORATALAZ,1404,MEDIA LEGUA,4,14083,83,47,7,8,2,2
14,MORATALAZ,1404,MEDIA LEGUA,4,14083,83,48,12,7,0,1
14,MORATALAZ,1404,MEDIA LEGUA,4,14083,83,49,10,11,1,0
14,MORATALAZ,1404,MEDIA LEGUA,4,14083,83,50,10,12,0,0
14,MORATALAZ,1404,MEDIA LEGUA,4,14083,83,51,8,12,0,0
14,MORATALAZ,1404,MEDIA LEGUA,4,14083,83,52,10,14,0,0
14,MORATALAZ,1404,MEDIA LEGUA,4,14083,83,53,7,10,1,1
14,MORATALAZ,1404,MEDIA LEGUA,4,14083,83,54,5,8,0,1
14,MORATALAZ,1404,MEDIA LEGUA,4,14083,83,55,7,14,0,0
14,MORATALAZ,1404,MEDIA LEGUA,4,14083,83,56,17,16,0,4
14,MORATALAZ,1404,MEDIA LEGUA,4,14083,83,57,13,14,0,2
14,MORATALAZ,1404,MEDIA LEGUA,4,14083,83,58,12,19,2,0
14,MORATALAZ,1404,MEDIA LEGUA,4,14083,83,59,10,13,2,4
14,MORATALAZ,1404,MEDIA LEGUA,4,14083,83,60,9,18,0,0
14,MORATALAZ,1404,MEDIA LEGUA,4,14083,83,61,19,12,0,0
14,MORATALAZ,1404,MEDIA LEGUA,4,14083,83,62,19,17,0,0
14,MORATALAZ,1404,MEDIA LEGUA,4,14083,83,63,6,16,1,0
14,MORATALAZ,1404,MEDIA LEGUA,4,14083,83,64,8,18,0,0
14,MORATALAZ,1404,MEDIA LEGUA,4,14083,83,65,14,13,0,0
14,MORATALAZ,1404,MEDIA LEGUA,4,14083,83,66,16,11,0,2
14,MORATALAZ,1404,MEDIA LEGUA,4,14083,83,67,16,12,0,0
14,MORATALAZ,1404,MEDIA LEGUA,4,14083,83,68,11,12,0,1
14,MORATALAZ,1404,MEDIA LEGUA,4,14083,83,69,5,8,0,1
14,MORATALAZ,1404,MEDIA LEGUA,4,14083,83,70,8,8,1,0
14,MORATALAZ,1404,MEDIA LEGUA,4,14083,83,71,6,9,0,0
14,MORATALAZ,1404,MEDIA LEGUA,4,14083,83,72,5,5,0,1
14,MORATALAZ,1404,MEDIA LEGUA,4,14083,83,73,7,13,0,0
14,MORATALAZ,1404,MEDIA LEGUA,4,14083,83,74,5,7,0,0
14,MORATALAZ,1404,MEDIA LEGUA,4,14083,83,75,9,6,0,0
14,MORATALAZ,1404,MEDIA LEGUA,4,14083,83,76,5,3,0,0
14,MORATALAZ,1404,MEDIA LEGUA,4,14083,83,77,2,9,0,0
14,MORATALAZ,1404,MEDIA LEGUA,4,14083,83,78,4,5,0,1
14,MORATALAZ,1404,MEDIA LEGUA,4,14083,83,79,0,7,0,0
14,MORATALAZ,1404,MEDIA LEGUA,4,14083,83,80,3,4,0,0
14,MORATALAZ,1404,MEDIA LEGUA,4,14083,83,81,0,5,0,0
14,MORATALAZ,1404,MEDIA LEGUA,4,14083,83,82,0,3,0,1
14,MORATALAZ,1404,MEDIA LEGUA,4,14083,83,83,2,5,0,0
14,MORATALAZ,1404,MEDIA LEGUA,4,14083,83,84,3,3,0,0
14,MORATALAZ,1404,MEDIA LEGUA,4,14083,83,85,4,4,0,0
14,MORATALAZ,1404,MEDIA LEGUA,4,14083,83,86,3,3,0,0
14,MORATALAZ,1404,MEDIA LEGUA,4,14083,83,87,3,4,0,0
14,MORATALAZ,1404,MEDIA LEGUA,4,14083,83,88,1,3,0,0
14,MORATALAZ,1404,MEDIA LEGUA,4,14083,83,89,2,3,0,0
14,MORATALAZ,1404,MEDIA LEGUA,4,14083,83,90,1,2,0,0
14,MORATALAZ,1404,MEDIA LEGUA,4,14083,83,91,0,3,0,0
14,MORATALAZ,1404,MEDIA LEGUA,4,14083,83,92,0,1,0,0
14,MORATALAZ,1404,MEDIA LEGUA,4,14083,83,95,1,3,0,0
14,MORATALAZ,1404,MEDIA LEGUA,4,14083,83,96,0,1,0,0
14,MORATALAZ,1404,MEDIA LEGUA,4,14084,84,0,2,0,0,0
14,MORATALAZ,1404,MEDIA LEGUA,4,14084,84,1,2,2,0,0
14,MORATALAZ,1404,MEDIA LEGUA,4,14084,84,2,1,5,0,1
14,MORATALAZ,1404,MEDIA LEGUA,4,14084,84,3,5,1,0,0
14,MORATALAZ,1404,MEDIA LEGUA,4,14084,84,4,2,2,0,0
14,MORATALAZ,1404,MEDIA LEGUA,4,14084,84,5,2,2,0,0
14,MORATALAZ,1404,MEDIA LEGUA,4,14084,84,6,3,3,0,0
14,MORATALAZ,1404,MEDIA LEGUA,4,14084,84,7,1,3,0,1
14,MORATALAZ,1404,MEDIA LEGUA,4,14084,84,8,3,2,0,0
14,MORATALAZ,1404,MEDIA LEGUA,4,14084,84,9,3,3,0,1
14,MORATALAZ,1404,MEDIA LEGUA,4,14084,84,10,3,2,0,0
14,MORATALAZ,1404,MEDIA LEGUA,4,14084,84,11,1,1,1,0
14,MORATALAZ,1404,MEDIA LEGUA,4,14084,84,12,5,3,0,1
14,MORATALAZ,1404,MEDIA LEGUA,4,14084,84,13,0,5,0,0
14,MORATALAZ,1404,MEDIA LEGUA,4,14084,84,14,4,4,0,0
14,MORATALAZ,1404,MEDIA LEGUA,4,14084,84,15,3,9,0,0
14,MORATALAZ,1404,MEDIA LEGUA,4,14084,84,16,4,7,2,0
14,MORATALAZ,1404,MEDIA LEGUA,4,14084,84,17,1,8,0,0
14,MORATALAZ,1404,MEDIA LEGUA,4,14084,84,18,4,5,0,1
14,MORATALAZ,1404,MEDIA LEGUA,4,14084,84,19,6,3,0,0
14,MORATALAZ,1404,MEDIA LEGUA,4,14084,84,20,6,3,1,3
14,MORATALAZ,1404,MEDIA LEGUA,4,14084,84,21,5,6,0,0
14,MORATALAZ,1404,MEDIA LEGUA,4,14084,84,22,5,3,0,2
14,MORATALAZ,1404,MEDIA LEGUA,4,14084,84,23,10,5,0,0
14,MORATALAZ,1404,MEDIA LEGUA,4,14084,84,24,5,4,4,1
14,MORATALAZ,1404,MEDIA LEGUA,4,14084,84,25,5,10,0,1
14,MORATALAZ,1404,MEDIA LEGUA,4,14084,84,26,7,6,1,1
14,MORATALAZ,1404,MEDIA LEGUA,4,14084,84,27,4,12,2,2
14,MORATALAZ,1404,MEDIA LEGUA,4,14084,84,28,6,8,2,2
14,MORATALAZ,1404,MEDIA LEGUA,4,14084,84,29,8,7,0,1
14,MORATALAZ,1404,MEDIA LEGUA,4,14084,84,30,7,4,0,2
14,MORATALAZ,1404,MEDIA LEGUA,4,14084,84,31,8,2,0,1
14,MORATALAZ,1404,MEDIA LEGUA,4,14084,84,32,4,9,0,3
14,MORATALAZ,1404,MEDIA LEGUA,4,14084,84,33,4,4,0,2
14,MORATALAZ,1404,MEDIA LEGUA,4,14084,84,34,5,4,2,2
14,MORATALAZ,1404,MEDIA LEGUA,4,14084,84,35,5,8,1,0
14,MORATALAZ,1404,MEDIA LEGUA,4,14084,84,36,2,2,0,0
14,MORATALAZ,1404,MEDIA LEGUA,4,14084,84,37,9,7,0,2
14,MORATALAZ,1404,MEDIA LEGUA,4,14084,84,38,9,6,1,1
14,MORATALAZ,1404,MEDIA LEGUA,4,14084,84,39,4,4,0,2
14,MORATALAZ,1404,MEDIA LEGUA,4,14084,84,40,5,4,0,0
14,MORATALAZ,1404,MEDIA LEGUA,4,14084,84,41,5,7,0,1
14,MORATALAZ,1404,MEDIA LEGUA,4,14084,84,42,3,0,0,0
14,MORATALAZ,1404,MEDIA LEGUA,4,14084,84,43,2,6,2,2
14,MORATALAZ,1404,MEDIA LEGUA,4,14084,84,44,2,3,0,2
14,MORATALAZ,1404,MEDIA LEGUA,4,14084,84,45,5,5,0,1
14,MORATALAZ,1404,MEDIA LEGUA,4,14084,84,46,2,5,0,1
14,MORATALAZ,1404,MEDIA LEGUA,4,14084,84,47,3,4,0,2
14,MORATALAZ,1404,MEDIA LEGUA,4,14084,84,48,2,6,1,0
14,MORATALAZ,1404,MEDIA LEGUA,4,14084,84,49,5,5,0,0
14,MORATALAZ,1404,MEDIA LEGUA,4,14084,84,50,4,7,0,0
14,MORATALAZ,1404,MEDIA LEGUA,4,14084,84,51,2,7,1,0
14,MORATALAZ,1404,MEDIA LEGUA,4,14084,84,52,5,7,0,1
14,MORATALAZ,1404,MEDIA LEGUA,4,14084,84,53,2,11,0,1
14,MORATALAZ,1404,MEDIA LEGUA,4,14084,84,54,5,10,1,1
14,MORATALAZ,1404,MEDIA LEGUA,4,14084,84,55,8,8,0,1
14,MORATALAZ,1404,MEDIA LEGUA,4,14084,84,56,5,10,0,0
14,MORATALAZ,1404,MEDIA LEGUA,4,14084,84,57,17,11,0,0
14,MORATALAZ,1404,MEDIA LEGUA,4,14084,84,58,11,12,1,1
14,MORATALAZ,1404,MEDIA LEGUA,4,14084,84,59,11,13,0,1
14,MORATALAZ,1404,MEDIA LEGUA,4,14084,84,60,9,15,0,0
14,MORATALAZ,1404,MEDIA LEGUA,4,14084,84,61,15,15,0,0
14,MORATALAZ,1404,MEDIA LEGUA,4,14084,84,62,14,21,0,0
14,MORATALAZ,1404,MEDIA LEGUA,4,14084,84,63,9,9,0,1
14,MORATALAZ,1404,MEDIA LEGUA,4,14084,84,64,6,9,1,0
14,MORATALAZ,1404,MEDIA LEGUA,4,14084,84,65,5,11,0,0
14,MORATALAZ,1404,MEDIA LEGUA,4,14084,84,66,8,7,0,0
14,MORATALAZ,1404,MEDIA LEGUA,4,14084,84,67,2,11,0,0
14,MORATALAZ,1404,MEDIA LEGUA,4,14084,84,68,8,12,1,0
14,MORATALAZ,1404,MEDIA LEGUA,4,14084,84,69,5,10,0,0
14,MORATALAZ,1404,MEDIA LEGUA,4,14084,84,70,4,8,0,1
14,MORATALAZ,1404,MEDIA LEGUA,4,14084,84,71,4,3,0,0
14,MORATALAZ,1404,MEDIA LEGUA,4,14084,84,72,4,11,0,0
14,MORATALAZ,1404,MEDIA LEGUA,4,14084,84,73,1,9,0,0
14,MORATALAZ,1404,MEDIA LEGUA,4,14084,84,74,5,4,0,0
14,MORATALAZ,1404,MEDIA LEGUA,4,14084,84,75,2,5,0,0
14,MORATALAZ,1404,MEDIA LEGUA,4,14084,84,76,7,13,0,0
14,MORATALAZ,1404,MEDIA LEGUA,4,14084,84,77,1,5,0,0
14,MORATALAZ,1404,MEDIA LEGUA,4,14084,84,78,5,8,0,0
14,MORATALAZ,1404,MEDIA LEGUA,4,14084,84,79,5,7,0,0
14,MORATALAZ,1404,MEDIA LEGUA,4,14084,84,80,7,6,0,0
14,MORATALAZ,1404,MEDIA LEGUA,4,14084,84,81,6,3,0,0
14,MORATALAZ,1404,MEDIA LEGUA,4,14084,84,82,0,1,0,0
14,MORATALAZ,1404,MEDIA LEGUA,4,14084,84,83,0,3,0,0
14,MORATALAZ,1404,MEDIA LEGUA,4,14084,84,84,4,2,0,0
14,MORATALAZ,1404,MEDIA LEGUA,4,14084,84,85,0,2,0,0
14,MORATALAZ,1404,MEDIA LEGUA,4,14084,84,86,1,3,0,0
14,MORATALAZ,1404,MEDIA LEGUA,4,14084,84,87,2,4,0,0
14,MORATALAZ,1404,MEDIA LEGUA,4,14084,84,88,2,4,0,0
14,MORATALAZ,1404,MEDIA LEGUA,4,14084,84,89,1,1,0,0
14,MORATALAZ,1404,MEDIA LEGUA,4,14084,84,90,2,2,0,0
14,MORATALAZ,1404,MEDIA LEGUA,4,14084,84,91,2,6,0,0
14,MORATALAZ,1404,MEDIA LEGUA,4,14084,84,92,0,4,0,0
14,MORATALAZ,1404,MEDIA LEGUA,4,14084,84,95,0,3,0,0
14,MORATALAZ,1404,MEDIA LEGUA,4,14084,84,97,0,1,0,0
14,MORATALAZ,1404,MEDIA LEGUA,4,14084,84,101,0,1,0,0
14,MORATALAZ,1404,MEDIA LEGUA,4,14084,84,102,0,1,0,0
14,MORATALAZ,1404,MEDIA LEGUA,4,14084,84,106,0,1,0,0
